cellId,seed,starter,clearedHeats,wonNormalOrGauntlet,coins,score,hands,discards,censoredAtCap
normal/medium/handRanking/new/astra,2775637536,polish,7,False,43,4033,20,0,False
normal/medium/handRanking/new/astra,2775637537,polish,8,False,53,5221,20,2,False
normal/medium/handRanking/new/astra,2775637538,polish,7,False,43,4220,20,0,False
normal/medium/handRanking/new/astra,2775637539,polish,7,False,43,4458,19,0,False
normal/medium/handRanking/new/astra,2775637540,polish,9,False,63,7385,24,1,False
normal/medium/handRanking/new/astra,2775637541,polish,6,False,33,3277,17,1,False
normal/medium/handRanking/new/astra,2775637542,polish,9,False,63,6913,26,0,False
normal/medium/handRanking/new/astra,2775637543,polish,7,False,43,4463,19,1,False
normal/medium/handRanking/new/astra,2775637544,polish,5,False,26,2461,12,0,False
normal/medium/handRanking/new/astra,2775637545,polish,8,False,53,4755,20,0,False
normal/medium/handRanking/new/astra,2775637546,polish,7,False,43,3895,17,0,False
normal/medium/handRanking/new/astra,2775637547,polish,8,False,53,4921,24,1,False
normal/medium/handRanking/new/astra,2775637548,polish,8,False,53,5640,15,1,False
normal/medium/handRanking/new/astra,2775637549,polish,9,False,63,6679,22,0,False
normal/medium/handRanking/new/astra,2775637550,polish,6,False,33,3710,15,1,False
normal/medium/handRanking/new/astra,2775637551,polish,7,False,43,3707,14,0,False
normal/medium/handRanking/new/astra,2775637552,polish,7,False,43,3841,23,1,False
normal/medium/handRanking/new/astra,2775637553,polish,8,False,53,5472,24,0,False
normal/medium/handRanking/new/astra,2775637554,polish,5,False,26,2147,9,0,False
normal/medium/handRanking/new/astra,2775637555,polish,5,False,26,2281,11,0,False
normal/medium/handRanking/new/astra,2775637556,polish,11,False,89,10379,28,0,False
normal/medium/handRanking/new/astra,2775637557,polish,8,False,53,5340,24,1,False
normal/medium/handRanking/new/astra,2775637558,polish,8,False,53,4867,25,1,False
normal/medium/handRanking/new/astra,2775637559,polish,8,False,53,5352,16,0,False
normal/medium/handRanking/new/astra,2775637560,polish,8,False,53,5465,22,0,False
normal/medium/handRanking/new/astra,2775637561,polish,7,False,43,3797,17,0,False
normal/medium/handRanking/new/astra,2775637562,polish,5,False,26,2361,14,0,False
normal/medium/handRanking/new/astra,2775637563,polish,8,False,53,5438,23,0,False
normal/medium/handRanking/new/astra,2775637564,polish,5,False,26,2346,15,0,False
normal/medium/handRanking/new/astra,2775637565,polish,6,False,33,2545,14,0,False
normal/medium/handRanking/new/astra,2775637566,polish,7,False,43,3422,16,0,False
normal/medium/handRanking/new/astra,2775637567,polish,5,False,26,2015,11,0,False
normal/medium/handRanking/new/astra,2775637568,polish,8,False,53,4459,28,1,False
normal/medium/handRanking/new/astra,2775637569,polish,8,False,53,5011,23,3,False
normal/medium/handRanking/new/astra,2775637570,polish,5,False,26,2210,13,0,False
normal/medium/handRanking/new/astra,2775637571,polish,5,False,26,2023,15,0,False
normal/medium/handRanking/new/astra,2775637572,polish,9,False,63,6937,24,0,False
normal/medium/handRanking/new/astra,2775637573,polish,8,False,53,5277,24,0,False
normal/medium/handRanking/new/astra,2775637574,polish,8,False,53,5293,18,0,False
normal/medium/handRanking/new/astra,2775637575,polish,5,False,26,2022,12,1,False
normal/medium/handRanking/new/astra,2775637576,polish,6,False,33,3203,13,0,False
normal/medium/handRanking/new/astra,2775637577,polish,8,False,53,4809,22,0,False
normal/medium/handRanking/new/astra,2775637578,polish,8,False,53,5451,20,0,False
normal/medium/handRanking/new/astra,2775637579,polish,9,False,63,7358,22,0,False
normal/medium/handRanking/new/astra,2775637580,polish,10,False,76,8072,27,1,False
normal/medium/handRanking/new/astra,2775637581,polish,7,False,43,3795,15,0,False
normal/medium/handRanking/new/astra,2775637582,polish,7,False,43,3788,16,3,False
normal/medium/handRanking/new/astra,2775637583,polish,8,False,53,4789,18,0,False
normal/medium/handRanking/new/astra,2775637584,polish,7,False,43,4058,16,0,False
normal/medium/handRanking/new/astra,2775637585,polish,11,False,89,9962,32,1,False
normal/medium/handRanking/new/astra,2775637586,polish,8,False,53,4895,22,2,False
normal/medium/handRanking/new/astra,2775637587,polish,8,False,53,5464,21,0,False
normal/medium/handRanking/new/astra,2775637588,polish,8,False,53,5580,24,1,False
normal/medium/handRanking/new/astra,2775637589,polish,6,False,33,2990,15,0,False
normal/medium/handRanking/new/astra,2775637590,polish,7,False,43,4357,19,0,False
normal/medium/handRanking/new/astra,2775637591,polish,8,False,53,5561,27,1,False
normal/medium/handRanking/new/astra,2775637592,polish,10,False,76,10050,28,2,False
normal/medium/handRanking/new/astra,2775637593,polish,8,False,53,4762,18,0,False
normal/medium/handRanking/new/astra,2775637594,polish,10,False,76,8719,23,0,False
normal/medium/handRanking/new/astra,2775637595,polish,8,False,53,4646,23,0,False
normal/medium/handRanking/new/astra,2775637596,polish,8,False,53,5061,17,0,False
normal/medium/handRanking/new/astra,2775637597,polish,6,False,33,3263,11,0,False
normal/medium/handRanking/new/astra,2775637598,polish,9,False,63,7197,24,1,False
normal/medium/handRanking/new/astra,2775637599,polish,9,False,63,6859,24,0,False
normal/medium/handRanking/new/astra,2775637600,polish,11,False,89,10056,34,1,False
normal/medium/handRanking/new/astra,2775637601,polish,8,False,53,4897,19,0,False
normal/medium/handRanking/new/astra,2775637602,polish,7,False,43,3720,16,1,False
normal/medium/handRanking/new/astra,2775637603,polish,5,False,26,1931,17,0,False
normal/medium/handRanking/new/astra,2775637604,polish,10,False,76,8716,26,0,False
normal/medium/handRanking/new/astra,2775637605,polish,5,False,26,2223,14,0,False
normal/medium/handRanking/new/astra,2775637606,polish,9,False,63,7473,22,0,False
normal/medium/handRanking/new/astra,2775637607,polish,7,False,43,3822,20,0,False
normal/medium/handRanking/new/astra,2775637608,polish,7,False,43,3716,15,1,False
normal/medium/handRanking/new/astra,2775637609,polish,8,False,53,4837,26,0,False
normal/medium/handRanking/new/astra,2775637610,polish,8,False,53,5701,20,0,False
normal/medium/handRanking/new/astra,2775637611,polish,8,False,53,4957,24,2,False
normal/medium/handRanking/new/astra,2775637612,polish,5,False,26,2181,15,1,False
normal/medium/handRanking/new/astra,2775637613,polish,8,False,53,5918,19,0,False
normal/medium/handRanking/new/astra,2775637614,polish,6,False,33,2721,19,0,False
normal/medium/handRanking/new/astra,2775637615,polish,7,False,43,4393,21,0,False
normal/medium/handRanking/new/astra,2775637616,polish,9,False,63,6607,21,0,False
normal/medium/handRanking/new/astra,2775637617,polish,7,False,43,4019,22,0,False
normal/medium/handRanking/new/astra,2775637618,polish,10,False,76,8509,28,0,False
normal/medium/handRanking/new/astra,2775637619,polish,5,False,26,2016,10,0,False
normal/medium/handRanking/new/astra,2775637620,polish,7,False,43,3826,14,0,False
normal/medium/handRanking/new/astra,2775637621,polish,8,False,53,4809,22,0,False
normal/medium/handRanking/new/astra,2775637622,polish,7,False,43,3532,19,0,False
normal/medium/handRanking/new/astra,2775637623,polish,9,False,63,6775,25,1,False
normal/medium/handRanking/new/astra,2775637624,polish,8,False,53,4469,24,0,False
normal/medium/handRanking/new/astra,2775637625,polish,10,False,76,9734,22,0,False
normal/medium/handRanking/new/astra,2775637626,polish,5,False,26,2565,15,0,False
normal/medium/handRanking/new/astra,2775637627,polish,10,False,76,9171,27,0,False
normal/medium/handRanking/new/astra,2775637628,polish,6,False,33,2987,14,0,False
normal/medium/handRanking/new/astra,2775637629,polish,8,False,53,5297,27,0,False
normal/medium/handRanking/new/astra,2775637630,polish,8,False,53,5511,17,3,False
normal/medium/handRanking/new/astra,2775637631,polish,8,False,53,5612,23,0,False
normal/medium/handRanking/new/astra,2775637632,polish,8,False,53,4927,24,0,False
normal/medium/handRanking/new/astra,2775637633,polish,8,False,53,4431,25,1,False
normal/medium/handRanking/new/astra,2775637634,polish,7,False,43,3690,21,0,False
normal/medium/handRanking/new/astra,2775637635,polish,8,False,53,5798,21,0,False
normal/medium/handRanking/new/astra,2775637636,polish,8,False,53,5170,19,1,False
normal/medium/handRanking/new/astra,2775637637,polish,11,False,89,9897,34,1,False
normal/medium/handRanking/new/astra,2775637638,polish,8,False,53,5036,21,2,False
normal/medium/handRanking/new/astra,2775637639,polish,6,False,33,3187,14,1,False
normal/medium/handRanking/new/astra,2775637640,polish,7,False,43,4522,17,0,False
normal/medium/handRanking/new/astra,2775637641,polish,10,False,76,9341,28,0,False
normal/medium/handRanking/new/astra,2775637642,polish,5,False,26,2111,13,0,False
normal/medium/handRanking/new/astra,2775637643,polish,8,False,53,5151,19,1,False
normal/medium/handRanking/new/astra,2775637644,polish,9,False,63,6840,23,0,False
normal/medium/handRanking/new/astra,2775637645,polish,8,False,53,5166,19,2,False
normal/medium/handRanking/new/astra,2775637646,polish,8,False,53,4938,21,1,False
normal/medium/handRanking/new/astra,2775637647,polish,8,False,53,5347,20,0,False
normal/medium/handRanking/new/astra,2775637648,polish,8,False,53,4983,21,0,False
normal/medium/handRanking/new/astra,2775637649,polish,7,False,43,3776,22,1,False
normal/medium/handRanking/new/astra,2775637650,polish,8,False,53,5121,23,3,False
normal/medium/handRanking/new/astra,2775637651,polish,6,False,33,3353,13,1,False
normal/medium/handRanking/new/astra,2775637652,polish,9,False,63,6633,23,2,False
normal/medium/handRanking/new/astra,2775637653,polish,7,False,43,3896,18,0,False
normal/medium/handRanking/new/astra,2775637654,polish,8,False,53,5713,20,0,False
normal/medium/handRanking/new/astra,2775637655,polish,5,False,26,2348,10,0,False
normal/medium/handRanking/new/astra,2775637656,polish,6,False,33,3188,13,1,False
normal/medium/handRanking/new/astra,2775637657,polish,7,False,43,4109,16,0,False
normal/medium/handRanking/new/astra,2775637658,polish,8,False,53,5259,21,0,False
normal/medium/handRanking/new/astra,2775637659,polish,6,False,33,2901,13,2,False
normal/medium/handRanking/new/astra,2775637660,polish,7,False,43,3896,21,0,False
normal/medium/handRanking/new/astra,2775637661,polish,8,False,53,5647,18,1,False
normal/medium/handRanking/new/astra,2775637662,polish,8,False,53,5207,19,4,False
normal/medium/handRanking/new/astra,2775637663,polish,7,False,43,3968,15,0,False
normal/medium/handRanking/new/astra,2775637664,polish,8,False,53,4777,25,1,False
normal/medium/handRanking/new/astra,2775637665,polish,8,False,53,5205,21,1,False
normal/medium/handRanking/new/astra,2775637666,polish,7,False,43,4065,19,3,False
normal/medium/handRanking/new/astra,2775637667,polish,9,False,63,6697,26,0,False
normal/medium/handRanking/new/astra,2775637668,polish,7,False,43,4596,18,3,False
normal/medium/handRanking/new/astra,2775637669,polish,8,False,53,5610,19,0,False
normal/medium/handRanking/new/astra,2775637670,polish,7,False,43,4261,23,0,False
normal/medium/handRanking/new/astra,2775637671,polish,8,False,53,5638,23,0,False
normal/medium/handRanking/new/astra,2775637672,polish,8,False,53,4618,16,0,False
normal/medium/handRanking/new/astra,2775637673,polish,8,False,53,5185,22,1,False
normal/medium/handRanking/new/astra,2775637674,polish,7,False,43,4365,20,1,False
normal/medium/handRanking/new/astra,2775637675,polish,7,False,43,3889,18,0,False
normal/medium/handRanking/new/astra,2775637676,polish,8,False,53,5019,21,0,False
normal/medium/handRanking/new/astra,2775637677,polish,8,False,53,4775,21,2,False
normal/medium/handRanking/new/astra,2775637678,polish,8,False,53,5417,23,3,False
normal/medium/handRanking/new/astra,2775637679,polish,4,False,19,1512,12,0,False
normal/medium/handRanking/new/astra,2775637680,polish,7,False,43,4481,18,0,False
normal/medium/handRanking/new/astra,2775637681,polish,10,False,76,8749,33,1,False
normal/medium/handRanking/new/astra,2775637682,polish,8,False,53,5691,19,1,False
normal/medium/handRanking/new/astra,2775637683,polish,8,False,53,5454,20,0,False
normal/medium/handRanking/new/astra,2775637684,polish,7,False,43,3316,18,1,False
normal/medium/handRanking/new/astra,2775637685,polish,7,False,43,4456,20,1,False
normal/medium/handRanking/new/astra,2775637686,polish,6,False,33,2963,15,0,False
normal/medium/handRanking/new/astra,2775637687,polish,8,False,53,5161,17,0,False
normal/medium/handRanking/new/astra,2775637688,polish,8,False,53,5158,22,0,False
normal/medium/handRanking/new/astra,2775637689,polish,6,False,33,3050,17,0,False
normal/medium/handRanking/new/astra,2775637690,polish,7,False,43,3821,18,1,False
normal/medium/handRanking/new/astra,2775637691,polish,9,False,63,6829,27,3,False
normal/medium/handRanking/new/astra,2775637692,polish,5,False,26,2263,18,0,False
normal/medium/handRanking/new/astra,2775637693,polish,7,False,43,4168,17,0,False
normal/medium/handRanking/new/astra,2775637694,polish,5,False,26,2478,13,0,False
normal/medium/handRanking/new/astra,2775637695,polish,8,False,53,4998,22,1,False
normal/medium/handRanking/new/astra,2775637696,polish,9,False,63,7327,25,1,False
normal/medium/handRanking/new/astra,2775637697,polish,6,False,33,2562,14,0,False
normal/medium/handRanking/new/astra,2775637698,polish,7,False,43,3990,16,1,False
normal/medium/handRanking/new/astra,2775637699,polish,10,False,76,8798,31,0,False
normal/medium/handRanking/new/astra,2775637700,polish,8,False,53,5019,22,0,False
normal/medium/handRanking/new/astra,2775637701,polish,7,False,43,3957,19,0,False
normal/medium/handRanking/new/astra,2775637702,polish,8,False,53,4925,29,2,False
normal/medium/handRanking/new/astra,2775637703,polish,11,False,89,10730,29,0,False
normal/medium/handRanking/new/astra,2775637704,polish,10,False,76,8148,27,0,False
normal/medium/handRanking/new/astra,2775637705,polish,5,False,26,2275,14,0,False
normal/medium/handRanking/new/astra,2775637706,polish,9,False,63,7669,23,1,False
normal/medium/handRanking/new/astra,2775637707,polish,8,False,53,5304,22,1,False
normal/medium/handRanking/new/astra,2775637708,polish,8,False,53,5766,24,2,False
normal/medium/handRanking/new/astra,2775637709,polish,5,False,26,2148,16,0,False
normal/medium/handRanking/new/astra,2775637710,polish,9,False,63,6651,25,0,False
normal/medium/handRanking/new/astra,2775637711,polish,7,False,43,4096,19,0,False
normal/medium/handRanking/new/astra,2775637712,polish,7,False,43,3295,19,0,False
normal/medium/handRanking/new/astra,2775637713,polish,8,False,53,5575,21,2,False
normal/medium/handRanking/new/astra,2775637714,polish,8,False,53,4866,25,1,False
normal/medium/handRanking/new/astra,2775637715,polish,8,False,53,5499,23,2,False
normal/medium/handRanking/new/astra,2775637716,polish,9,False,63,6655,26,0,False
normal/medium/handRanking/new/astra,2775637717,polish,9,False,63,6951,26,0,False
normal/medium/handRanking/new/astra,2775637718,polish,9,False,63,7029,23,1,False
normal/medium/handRanking/new/astra,2775637719,polish,9,False,63,7096,24,1,False
normal/medium/handRanking/new/astra,2775637720,polish,8,False,53,5669,18,1,False
normal/medium/handRanking/new/astra,2775637721,polish,8,False,53,4033,28,1,False
normal/medium/handRanking/new/astra,2775637722,polish,9,False,63,6885,23,2,False
normal/medium/handRanking/new/astra,2775637723,polish,9,False,63,7395,26,1,False
normal/medium/handRanking/new/astra,2775637724,polish,7,False,43,4657,16,0,False
normal/medium/handRanking/new/astra,2775637725,polish,9,False,63,7305,26,0,False
normal/medium/handRanking/new/astra,2775637726,polish,8,False,53,4684,20,0,False
normal/medium/handRanking/new/astra,2775637727,polish,8,False,53,5619,19,1,False
normal/medium/handRanking/new/astra,2775637728,polish,5,False,26,2312,12,1,False
normal/medium/handRanking/new/astra,2775637729,polish,8,False,53,5410,23,1,False
normal/medium/handRanking/new/astra,2775637730,polish,7,False,43,3518,19,0,False
normal/medium/handRanking/new/astra,2775637731,polish,8,False,53,4821,19,2,False
normal/medium/handRanking/new/astra,2775637732,polish,8,False,53,4383,20,0,False
normal/medium/handRanking/new/astra,2775637733,polish,8,False,53,5120,20,0,False
normal/medium/handRanking/new/astra,2775637734,polish,8,False,53,4536,21,0,False
normal/medium/handRanking/new/astra,2775637735,polish,8,False,53,6021,22,0,False
normal/medium/handRanking/new/astra,2775637736,polish,5,False,26,2093,16,1,False
normal/medium/handRanking/new/astra,2775637737,polish,11,False,89,10493,33,2,False
normal/medium/handRanking/new/astra,2775637738,polish,9,False,63,7260,25,0,False
normal/medium/handRanking/new/astra,2775637739,polish,6,False,33,3989,13,0,False
normal/medium/handRanking/new/astra,2775637740,polish,11,False,89,10365,33,1,False
normal/medium/handRanking/new/astra,2775637741,polish,8,False,53,5447,17,0,False
normal/medium/handRanking/new/astra,2775637742,polish,7,False,43,4590,18,0,False
normal/medium/handRanking/new/astra,2775637743,polish,8,False,53,4691,24,0,False
normal/medium/handRanking/new/astra,2775637744,polish,8,False,53,4861,19,0,False
normal/medium/handRanking/new/astra,2775637745,polish,4,False,19,1532,10,1,False
normal/medium/handRanking/new/astra,2775637746,polish,8,False,53,4393,19,2,False
normal/medium/handRanking/new/astra,2775637747,polish,6,False,33,3422,15,0,False
normal/medium/handRanking/new/astra,2775637748,polish,7,False,43,3889,20,0,False
normal/medium/handRanking/new/astra,2775637749,polish,8,False,53,5701,18,0,False
normal/medium/handRanking/new/astra,2775637750,polish,9,False,63,6543,25,0,False
normal/medium/handRanking/new/astra,2775637751,polish,9,False,63,6401,27,2,False
normal/medium/handRanking/new/astra,2775637752,polish,11,False,89,9897,28,0,False
normal/medium/handRanking/new/astra,2775637753,polish,8,False,53,5379,19,0,False
normal/medium/handRanking/new/astra,2775637754,polish,6,False,33,2974,14,1,False
normal/medium/handRanking/new/astra,2775637755,polish,7,False,43,4319,17,0,False
normal/medium/handRanking/new/astra,2775637756,polish,6,False,33,3638,16,1,False
normal/medium/handRanking/new/astra,2775637757,polish,8,False,53,5232,23,1,False
normal/medium/handRanking/new/astra,2775637758,polish,7,False,43,4108,16,0,False
normal/medium/handRanking/new/astra,2775637759,polish,7,False,43,3924,14,0,False
normal/medium/handRanking/new/astra,2775637760,polish,6,False,33,2756,19,1,False
normal/medium/handRanking/new/astra,2775637761,polish,8,False,53,5057,21,1,False
normal/medium/handRanking/new/astra,2775637762,polish,11,False,89,10467,30,1,False
normal/medium/handRanking/new/astra,2775637763,polish,7,False,43,4535,18,1,False
normal/medium/handRanking/new/astra,2775637764,polish,7,False,43,4645,13,0,False
normal/medium/handRanking/new/astra,2775637765,polish,9,False,63,6238,27,0,False
normal/medium/handRanking/new/astra,2775637766,polish,9,False,63,6494,24,1,False
normal/medium/handRanking/new/astra,2775637767,polish,6,False,33,2892,20,1,False
normal/medium/handRanking/new/astra,2775637768,polish,7,False,43,3444,15,1,False
normal/medium/handRanking/new/astra,2775637769,polish,7,False,43,4183,21,0,False
normal/medium/handRanking/new/astra,2775637770,polish,9,False,63,6114,25,1,False
normal/medium/handRanking/new/astra,2775637771,polish,9,False,63,6594,26,1,False
normal/medium/handRanking/new/astra,2775637772,polish,6,False,33,3396,17,0,False
normal/medium/handRanking/new/astra,2775637773,polish,5,False,26,2202,11,0,False
normal/medium/handRanking/new/astra,2775637774,polish,8,False,53,5093,23,1,False
normal/medium/handRanking/new/astra,2775637775,polish,8,False,53,5215,25,0,False
normal/medium/handRanking/new/astra,2775637776,polish,7,False,43,3845,16,1,False
normal/medium/handRanking/new/astra,2775637777,polish,10,False,76,8104,30,2,False
normal/medium/handRanking/new/astra,2775637778,polish,8,False,53,5639,24,2,False
normal/medium/handRanking/new/astra,2775637779,polish,8,False,53,5052,22,0,False
normal/medium/handRanking/new/astra,2775637780,polish,10,False,76,8877,26,1,False
normal/medium/handRanking/new/astra,2775637781,polish,8,False,53,4322,18,0,False
normal/medium/handRanking/new/astra,2775637782,polish,8,False,53,6012,20,0,False
normal/medium/handRanking/new/astra,2775637783,polish,8,False,53,4334,20,4,False
normal/medium/handRanking/new/astra,2775637784,polish,7,False,43,4070,18,0,False
normal/medium/handRanking/new/astra,2775637785,polish,9,False,63,7155,18,0,False
normal/medium/handRanking/new/astra,2775637786,polish,8,False,53,5200,23,1,False
normal/medium/handRanking/new/astra,2775637787,polish,7,False,43,4289,21,0,False
normal/medium/handRanking/new/astra,2775637788,polish,7,False,43,3952,22,0,False
normal/medium/handRanking/new/astra,2775637789,polish,7,False,43,3754,20,0,False
normal/medium/handRanking/new/astra,2775637790,polish,7,False,43,3773,19,0,False
normal/medium/handRanking/new/astra,2775637791,polish,5,False,26,3013,12,0,False
normal/medium/handRanking/new/astra,2775637792,polish,6,False,33,2731,18,0,False
normal/medium/handRanking/new/astra,2775637793,polish,10,False,76,8753,25,0,False
normal/medium/handRanking/new/astra,2775637794,polish,7,False,43,4261,19,0,False
normal/medium/handRanking/new/astra,2775637795,polish,8,False,53,4777,23,2,False
normal/medium/handRanking/new/astra,2775637796,polish,6,False,33,3699,11,0,False
normal/medium/handRanking/new/astra,2775637797,polish,7,False,43,4013,16,0,False
normal/medium/handRanking/new/astra,2775637798,polish,9,False,63,7225,26,0,False
normal/medium/handRanking/new/astra,2775637799,polish,8,False,53,5200,24,0,False
normal/medium/handRanking/new/astra,2775637800,polish,8,False,53,4958,19,0,False
normal/medium/handRanking/new/astra,2775637801,polish,7,False,43,3870,18,0,False
normal/medium/handRanking/new/astra,2775637802,polish,10,False,76,8833,26,0,False
normal/medium/handRanking/new/astra,2775637803,polish,8,False,53,5478,23,0,False
normal/medium/handRanking/new/astra,2775637804,polish,10,False,76,9231,27,0,False
normal/medium/handRanking/new/astra,2775637805,polish,8,False,53,5456,22,2,False
normal/medium/handRanking/new/astra,2775637806,polish,5,False,26,2452,14,0,False
normal/medium/handRanking/new/astra,2775637807,polish,8,False,53,4640,19,1,False
normal/medium/handRanking/new/astra,2775637808,polish,8,False,53,4891,24,1,False
normal/medium/handRanking/new/astra,2775637809,polish,7,False,43,4468,19,1,False
normal/medium/handRanking/new/astra,2775637810,polish,5,False,26,2505,13,0,False
normal/medium/handRanking/new/astra,2775637811,polish,8,False,53,5189,21,0,False
normal/medium/handRanking/new/astra,2775637812,polish,7,False,43,4622,16,1,False
normal/medium/handRanking/new/astra,2775637813,polish,9,False,63,6713,22,0,False
normal/medium/handRanking/new/astra,2775637814,polish,8,False,53,5019,23,1,False
normal/medium/handRanking/new/astra,2775637815,polish,11,False,89,9633,32,1,False
normal/medium/handRanking/new/astra,2775637816,polish,6,False,33,3141,13,1,False
normal/medium/handRanking/new/astra,2775637817,polish,5,False,26,2156,11,0,False
normal/medium/handRanking/new/astra,2775637818,polish,8,False,53,5479,25,2,False
normal/medium/handRanking/new/astra,2775637819,polish,9,False,63,6977,21,1,False
normal/medium/handRanking/new/astra,2775637820,polish,7,False,43,4091,16,1,False
normal/medium/handRanking/new/astra,2775637821,polish,8,False,53,6020,21,0,False
normal/medium/handRanking/new/astra,2775637822,polish,8,False,53,5815,19,0,False
normal/medium/handRanking/new/astra,2775637823,polish,9,False,63,6152,22,1,False
normal/medium/handRanking/new/astra,2775637824,polish,8,False,53,5180,22,0,False
normal/medium/handRanking/new/astra,2775637825,polish,5,False,26,2014,12,0,False
normal/medium/handRanking/new/astra,2775637826,polish,8,False,53,4807,24,0,False
normal/medium/handRanking/new/astra,2775637827,polish,11,False,89,11081,27,0,False
normal/medium/handRanking/new/astra,2775637828,polish,9,False,63,6830,22,0,False
normal/medium/handRanking/new/astra,2775637829,polish,8,False,53,4694,17,0,False
normal/medium/handRanking/new/astra,2775637830,polish,8,False,53,5659,22,0,False
normal/medium/handRanking/new/astra,2775637831,polish,8,False,53,5428,19,0,False
normal/medium/handRanking/new/astra,2775637832,polish,7,False,43,4082,21,0,False
normal/medium/handRanking/new/astra,2775637833,polish,7,False,43,4294,15,0,False
normal/medium/handRanking/new/astra,2775637834,polish,7,False,43,4374,20,0,False
normal/medium/handRanking/new/astra,2775637835,polish,10,False,76,8103,33,0,False
normal/medium/handRanking/new/astra,2775637836,polish,10,False,76,7977,26,1,False
normal/medium/handRanking/new/astra,2775637837,polish,11,False,89,9685,26,0,False
normal/medium/handRanking/new/astra,2775637838,polish,9,False,63,6555,23,0,False
normal/medium/handRanking/new/astra,2775637839,polish,8,False,53,5544,23,2,False
normal/medium/handRanking/new/astra,2775637840,polish,4,False,19,1442,10,0,False
normal/medium/handRanking/new/astra,2775637841,polish,5,False,26,2093,12,1,False
normal/medium/handRanking/new/astra,2775637842,polish,9,False,63,7015,24,0,False
normal/medium/handRanking/new/astra,2775637843,polish,8,False,53,5208,27,1,False
normal/medium/handRanking/new/astra,2775637844,polish,8,False,53,4409,20,0,False
normal/medium/handRanking/new/astra,2775637845,polish,6,False,33,2823,15,0,False
normal/medium/handRanking/new/astra,2775637846,polish,5,False,26,2015,12,0,False
normal/medium/handRanking/new/astra,2775637847,polish,11,False,89,10201,34,1,False
normal/medium/handRanking/new/astra,2775637848,polish,9,False,63,7352,24,0,False
normal/medium/handRanking/new/astra,2775637849,polish,8,False,53,5633,22,0,False
normal/medium/handRanking/new/astra,2775637850,polish,8,False,53,5969,18,1,False
normal/medium/handRanking/new/astra,2775637851,polish,5,False,26,2970,10,0,False
normal/medium/handRanking/new/astra,2775637852,polish,2,False,8,459,8,0,False
normal/medium/handRanking/new/astra,2775637853,polish,9,False,63,6604,22,0,False
normal/medium/handRanking/new/astra,2775637854,polish,8,False,53,4942,18,2,False
normal/medium/handRanking/new/astra,2775637855,polish,7,False,43,4702,15,0,False
normal/medium/handRanking/new/astra,2775637856,polish,10,False,76,7897,32,0,False
normal/medium/handRanking/new/astra,2775637857,polish,10,False,76,9412,25,0,False
normal/medium/handRanking/new/astra,2775637858,polish,5,False,26,2155,16,0,False
normal/medium/handRanking/new/astra,2775637859,polish,5,False,26,1822,13,0,False
normal/medium/handRanking/new/astra,2775637860,polish,7,False,43,4313,20,1,False
normal/medium/handRanking/new/astra,2775637861,polish,7,False,43,4270,18,1,False
normal/medium/handRanking/new/astra,2775637862,polish,5,False,26,2605,11,1,False
normal/medium/handRanking/new/astra,2775637863,polish,9,False,63,6781,26,0,False
normal/medium/handRanking/new/astra,2775637864,polish,8,False,53,5568,20,4,False
normal/medium/handRanking/new/astra,2775637865,polish,8,False,53,4777,25,1,False
normal/medium/handRanking/new/astra,2775637866,polish,11,False,89,10272,26,1,False
normal/medium/handRanking/new/astra,2775637867,polish,7,False,43,4006,17,3,False
normal/medium/handRanking/new/astra,2775637868,polish,8,False,53,5747,21,2,False
normal/medium/handRanking/new/astra,2775637869,polish,10,False,76,8272,25,1,False
normal/medium/handRanking/new/astra,2775637870,polish,8,False,53,4867,26,0,False
normal/medium/handRanking/new/astra,2775637871,polish,11,False,89,11189,31,0,False
normal/medium/handRanking/new/astra,2775637872,polish,7,False,43,4262,20,0,False
normal/medium/handRanking/new/astra,2775637873,polish,7,False,43,4012,17,0,False
normal/medium/handRanking/new/astra,2775637874,polish,11,False,89,10794,27,0,False
normal/medium/handRanking/new/astra,2775637875,polish,7,False,43,3974,16,0,False
normal/medium/handRanking/new/astra,2775637876,polish,8,False,53,4922,20,0,False
normal/medium/handRanking/new/astra,2775637877,polish,7,False,43,4261,17,0,False
normal/medium/handRanking/new/astra,2775637878,polish,8,False,53,5450,23,0,False
normal/medium/handRanking/new/astra,2775637879,polish,8,False,53,5450,21,0,False
normal/medium/handRanking/new/astra,2775637880,polish,8,False,53,5193,21,1,False
normal/medium/handRanking/new/astra,2775637881,polish,11,False,89,10832,31,2,False
normal/medium/handRanking/new/astra,2775637882,polish,8,False,53,4706,22,0,False
normal/medium/handRanking/new/astra,2775637883,polish,8,False,53,5778,20,0,False
normal/medium/handRanking/new/astra,2775637884,polish,9,False,63,6307,22,0,False
normal/medium/handRanking/new/astra,2775637885,polish,7,False,43,3797,17,0,False
normal/medium/handRanking/new/astra,2775637886,polish,7,False,43,3612,15,1,False
normal/medium/handRanking/new/astra,2775637887,polish,8,False,53,4625,21,0,False
normal/medium/handRanking/new/astra,2775637888,polish,8,False,53,5302,23,0,False
normal/medium/handRanking/new/astra,2775637889,polish,9,False,63,6776,22,0,False
normal/medium/handRanking/new/astra,2775637890,polish,8,False,53,5577,19,0,False
normal/medium/handRanking/new/astra,2775637891,polish,8,False,53,5077,19,0,False
normal/medium/handRanking/new/astra,2775637892,polish,8,False,53,5243,20,0,False
normal/medium/handRanking/new/astra,2775637893,polish,8,False,53,5653,20,1,False
normal/medium/handRanking/new/astra,2775637894,polish,9,False,63,7068,23,0,False
normal/medium/handRanking/new/astra,2775637895,polish,7,False,43,3396,18,1,False
normal/medium/handRanking/new/astra,2775637896,polish,7,False,43,3771,18,1,False
normal/medium/handRanking/new/astra,2775637897,polish,9,False,63,6962,21,1,False
normal/medium/handRanking/new/astra,2775637898,polish,8,False,53,5648,19,0,False
normal/medium/handRanking/new/astra,2775637899,polish,5,False,26,2409,10,0,False
normal/medium/handRanking/new/astra,2775637900,polish,6,False,33,3211,12,0,False
normal/medium/handRanking/new/astra,2775637901,polish,9,False,63,7096,25,0,False
normal/medium/handRanking/new/astra,2775637902,polish,7,False,43,3948,23,0,False
normal/medium/handRanking/new/astra,2775637903,polish,9,False,63,6648,25,2,False
normal/medium/handRanking/new/astra,2775637904,polish,8,False,53,5545,18,1,False
normal/medium/handRanking/new/astra,2775637905,polish,9,False,63,6449,27,0,False
normal/medium/handRanking/new/astra,2775637906,polish,8,False,53,5174,20,0,False
normal/medium/handRanking/new/astra,2775637907,polish,8,False,53,5471,22,0,False
normal/medium/handRanking/new/astra,2775637908,polish,10,False,76,7893,31,0,False
normal/medium/handRanking/new/astra,2775637909,polish,6,False,33,2996,12,0,False
normal/medium/handRanking/new/astra,2775637910,polish,7,False,43,4184,15,1,False
normal/medium/handRanking/new/astra,2775637911,polish,11,False,89,11480,32,0,False
normal/medium/handRanking/new/astra,2775637912,polish,8,False,53,5125,21,2,False
normal/medium/handRanking/new/astra,2775637913,polish,5,False,26,2040,13,0,False
normal/medium/handRanking/new/astra,2775637914,polish,8,False,53,5063,26,1,False
normal/medium/handRanking/new/astra,2775637915,polish,8,False,53,4962,22,0,False
normal/medium/handRanking/new/astra,2775637916,polish,5,False,26,1916,14,0,False
normal/medium/handRanking/new/astra,2775637917,polish,8,False,53,5056,24,0,False
normal/medium/handRanking/new/astra,2775637918,polish,7,False,43,4029,16,2,False
normal/medium/handRanking/new/astra,2775637919,polish,9,False,63,7600,29,0,False
normal/medium/handRanking/new/astra,2775637920,polish,9,False,63,6702,30,1,False
normal/medium/handRanking/new/astra,2775637921,polish,9,False,63,6156,23,0,False
normal/medium/handRanking/new/astra,2775637922,polish,7,False,43,3955,20,0,False
normal/medium/handRanking/new/astra,2775637923,polish,6,False,33,2574,15,0,False
normal/medium/handRanking/new/astra,2775637924,polish,9,False,63,6330,21,0,False
normal/medium/handRanking/new/astra,2775637925,polish,7,False,43,3680,18,1,False
normal/medium/handRanking/new/astra,2775637926,polish,9,False,63,6813,21,0,False
normal/medium/handRanking/new/astra,2775637927,polish,8,False,53,4941,22,0,False
normal/medium/handRanking/new/astra,2775637928,polish,7,False,43,3970,18,0,False
normal/medium/handRanking/new/astra,2775637929,polish,6,False,33,2923,17,0,False
normal/medium/handRanking/new/astra,2775637930,polish,5,False,26,2443,12,0,False
normal/medium/handRanking/new/astra,2775637931,polish,6,False,33,2993,13,0,False
normal/medium/handRanking/new/astra,2775637932,polish,6,False,33,2851,11,0,False
normal/medium/handRanking/new/astra,2775637933,polish,8,False,53,4230,21,0,False
normal/medium/handRanking/new/astra,2775637934,polish,8,False,53,5559,23,0,False
normal/medium/handRanking/new/astra,2775637935,polish,9,False,63,6987,27,0,False
normal/medium/handRanking/new/astra,2775637936,polish,8,False,53,4633,18,1,False
normal/medium/handRanking/new/astra,2775637937,polish,8,False,53,5616,21,0,False
normal/medium/handRanking/new/astra,2775637938,polish,9,False,63,7017,22,1,False
normal/medium/handRanking/new/astra,2775637939,polish,11,False,89,9698,32,0,False
normal/medium/handRanking/new/astra,2775637940,polish,7,False,43,4660,20,0,False
normal/medium/handRanking/new/astra,2775637941,polish,9,False,63,7697,23,0,False
normal/medium/handRanking/new/astra,2775637942,polish,7,False,43,3520,17,0,False
normal/medium/handRanking/new/astra,2775637943,polish,8,False,53,5442,19,0,False
normal/medium/handRanking/new/astra,2775637944,polish,9,False,63,6485,24,0,False
normal/medium/handRanking/new/astra,2775637945,polish,10,False,76,9339,28,0,False
normal/medium/handRanking/new/astra,2775637946,polish,8,False,53,4567,22,0,False
normal/medium/handRanking/new/astra,2775637947,polish,10,False,76,8413,24,1,False
normal/medium/handRanking/new/astra,2775637948,polish,7,False,43,4216,20,0,False
normal/medium/handRanking/new/astra,2775637949,polish,11,False,89,9997,30,1,False
normal/medium/handRanking/new/astra,2775637950,polish,8,False,53,5352,23,3,False
normal/medium/handRanking/new/astra,2775637951,polish,9,False,63,6172,25,0,False
normal/medium/handRanking/new/astra,2775637952,polish,8,False,53,5285,19,0,False
normal/medium/handRanking/new/astra,2775637953,polish,8,False,53,5702,18,2,False
normal/medium/handRanking/new/astra,2775637954,polish,5,False,26,2010,17,0,False
normal/medium/handRanking/new/astra,2775637955,polish,9,False,63,5577,20,0,False
normal/medium/handRanking/new/astra,2775637956,polish,10,False,76,9111,25,0,False
normal/medium/handRanking/new/astra,2775637957,polish,10,False,76,8295,30,1,False
normal/medium/handRanking/new/astra,2775637958,polish,7,False,43,4138,17,1,False
normal/medium/handRanking/new/astra,2775637959,polish,6,False,33,3397,16,0,False
normal/medium/handRanking/new/astra,2775637960,polish,7,False,43,4001,19,1,False
normal/medium/handRanking/new/astra,2775637961,polish,8,False,53,4885,26,1,False
normal/medium/handRanking/new/astra,2775637962,polish,6,False,33,3305,16,0,False
normal/medium/handRanking/new/astra,2775637963,polish,5,False,26,2037,14,1,False
normal/medium/handRanking/new/astra,2775637964,polish,10,False,76,8061,29,2,False
normal/medium/handRanking/new/astra,2775637965,polish,8,False,53,4858,18,2,False
normal/medium/handRanking/new/astra,2775637966,polish,9,False,63,6234,28,0,False
normal/medium/handRanking/new/astra,2775637967,polish,6,False,33,3121,13,1,False
normal/medium/handRanking/new/astra,2775637968,polish,5,False,26,1925,15,1,False
normal/medium/handRanking/new/astra,2775637969,polish,8,False,53,4551,21,0,False
normal/medium/handRanking/new/astra,2775637970,polish,10,False,76,8493,33,2,False
normal/medium/handRanking/new/astra,2775637971,polish,7,False,43,4034,25,0,False
normal/medium/handRanking/new/astra,2775637972,polish,8,False,53,5289,24,1,False
normal/medium/handRanking/new/astra,2775637973,polish,9,False,63,6625,27,1,False
normal/medium/handRanking/new/astra,2775637974,polish,9,False,63,7261,21,1,False
normal/medium/handRanking/new/astra,2775637975,polish,2,False,8,807,6,0,False
normal/medium/handRanking/new/astra,2775637976,polish,9,False,63,7985,20,1,False
normal/medium/handRanking/new/astra,2775637977,polish,8,False,53,4670,24,2,False
normal/medium/handRanking/new/astra,2775637978,polish,7,False,43,4052,22,0,False
normal/medium/handRanking/new/astra,2775637979,polish,5,False,26,2216,11,0,False
normal/medium/handRanking/new/astra,2775637980,polish,7,False,43,4070,14,0,False
normal/medium/handRanking/new/astra,2775637981,polish,5,False,26,2201,14,2,False
normal/medium/handRanking/new/astra,2775637982,polish,6,False,33,2945,15,0,False
normal/medium/handRanking/new/astra,2775637983,polish,9,False,63,6569,23,0,False
normal/medium/handRanking/new/astra,2775637984,polish,7,False,43,4076,15,0,False
normal/medium/handRanking/new/astra,2775637985,polish,8,False,53,6079,19,0,False
normal/medium/handRanking/new/astra,2775637986,polish,5,False,26,2139,14,0,False
normal/medium/handRanking/new/astra,2775637987,polish,7,False,43,4436,23,1,False
normal/medium/handRanking/new/astra,2775637988,polish,10,False,76,9984,27,0,False
normal/medium/handRanking/new/astra,2775637989,polish,8,False,53,5979,19,2,False
normal/medium/handRanking/new/astra,2775637990,polish,8,False,53,5138,18,1,False
normal/medium/handRanking/new/astra,2775637991,polish,9,False,63,7430,23,1,False
normal/medium/handRanking/new/astra,2775637992,polish,11,False,89,11164,29,0,False
normal/medium/handRanking/new/astra,2775637993,polish,6,False,33,4127,12,0,False
normal/medium/handRanking/new/astra,2775637994,polish,8,False,53,5175,21,0,False
normal/medium/handRanking/new/astra,2775637995,polish,10,False,76,9202,26,0,False
normal/medium/handRanking/new/astra,2775637996,polish,6,False,33,3127,13,0,False
normal/medium/handRanking/new/astra,2775637997,polish,6,False,33,2901,16,0,False
normal/medium/handRanking/new/astra,2775637998,polish,7,False,43,3557,16,1,False
normal/medium/handRanking/new/astra,2775637999,polish,9,False,63,7224,20,0,False
normal/medium/handRanking/new/astra,2775638000,polish,7,False,43,4376,22,2,False
normal/medium/handRanking/new/astra,2775638001,polish,8,False,53,5613,21,0,False
normal/medium/handRanking/new/astra,2775638002,polish,7,False,43,3637,16,1,False
normal/medium/handRanking/new/astra,2775638003,polish,7,False,43,4184,19,0,False
normal/medium/handRanking/new/astra,2775638004,polish,8,False,53,5258,23,0,False
normal/medium/handRanking/new/astra,2775638005,polish,7,False,43,3811,21,0,False
normal/medium/handRanking/new/astra,2775638006,polish,8,False,53,5398,24,0,False
normal/medium/handRanking/new/astra,2775638007,polish,9,False,63,6814,26,1,False
normal/medium/handRanking/new/astra,2775638008,polish,8,False,53,5397,18,0,False
normal/medium/handRanking/new/astra,2775638009,polish,7,False,43,3753,16,0,False
normal/medium/handRanking/new/astra,2775638010,polish,10,False,76,8210,30,5,False
normal/medium/handRanking/new/astra,2775638011,polish,8,False,53,5161,22,0,False
normal/medium/handRanking/new/astra,2775638012,polish,8,False,53,5466,17,0,False
normal/medium/handRanking/new/astra,2775638013,polish,2,False,8,712,6,1,False
normal/medium/handRanking/new/astra,2775638014,polish,9,False,63,6561,25,1,False
normal/medium/handRanking/new/astra,2775638015,polish,7,False,43,3673,20,1,False
normal/medium/handRanking/new/astra,2775638016,polish,7,False,43,4092,17,0,False
normal/medium/handRanking/new/astra,2775638017,polish,10,False,76,7363,29,0,False
normal/medium/handRanking/new/astra,2775638018,polish,7,False,43,3925,19,0,False
normal/medium/handRanking/new/astra,2775638019,polish,7,False,43,4401,17,0,False
normal/medium/handRanking/new/astra,2775638020,polish,8,False,53,4483,23,0,False
normal/medium/handRanking/new/astra,2775638021,polish,7,False,43,4164,15,0,False
normal/medium/handRanking/new/astra,2775638022,polish,8,False,53,5795,18,0,False
normal/medium/handRanking/new/astra,2775638023,polish,8,False,53,5116,25,0,False
normal/medium/handRanking/new/astra,2775638024,polish,8,False,53,4780,22,1,False
normal/medium/handRanking/new/astra,2775638025,polish,6,False,33,3307,14,1,False
normal/medium/handRanking/new/astra,2775638026,polish,4,False,19,1270,12,0,False
normal/medium/handRanking/new/astra,2775638027,polish,4,False,19,1263,9,0,False
normal/medium/handRanking/new/astra,2775638028,polish,8,False,53,4533,22,1,False
normal/medium/handRanking/new/astra,2775638029,polish,7,False,43,3444,16,0,False
normal/medium/handRanking/new/astra,2775638030,polish,7,False,43,4195,18,0,False
normal/medium/handRanking/new/astra,2775638031,polish,8,False,53,5484,20,4,False
normal/medium/handRanking/new/astra,2775638032,polish,8,False,53,4718,24,5,False
normal/medium/handRanking/new/astra,2775638033,polish,8,False,53,5265,23,2,False
normal/medium/handRanking/new/astra,2775638034,polish,9,False,63,7264,23,1,False
normal/medium/handRanking/new/astra,2775638035,polish,10,False,76,9811,28,1,False
normal/medium/handRanking/full/astra,2775637536,polish,10,False,76,8669,24,1,False
normal/medium/handRanking/full/astra,2775637537,polish,11,False,89,12867,22,1,False
normal/medium/handRanking/full/astra,2775637538,polish,9,False,63,7402,32,0,False
normal/medium/handRanking/full/astra,2775637539,polish,5,False,26,2139,16,0,False
normal/medium/handRanking/full/astra,2775637540,polish,7,False,43,3390,17,0,False
normal/medium/handRanking/full/astra,2775637541,polish,11,False,89,12120,34,1,False
normal/medium/handRanking/full/astra,2775637542,polish,11,False,89,10198,27,0,False
normal/medium/handRanking/full/astra,2775637543,polish,11,False,89,12880,23,1,False
normal/medium/handRanking/full/astra,2775637544,polish,8,False,53,5460,23,0,False
normal/medium/handRanking/full/astra,2775637545,polish,12,True,122,12269,24,0,False
normal/medium/handRanking/full/astra,2775637546,polish,9,False,63,7222,24,0,False
normal/medium/handRanking/full/astra,2775637547,polish,10,False,76,12628,21,0,False
normal/medium/handRanking/full/astra,2775637548,polish,11,False,89,13135,22,0,False
normal/medium/handRanking/full/astra,2775637549,polish,12,True,122,18269,37,2,False
normal/medium/handRanking/full/astra,2775637550,polish,9,False,63,7247,23,1,False
normal/medium/handRanking/full/astra,2775637551,polish,9,False,63,7317,25,1,False
normal/medium/handRanking/full/astra,2775637552,polish,7,False,43,3889,17,2,False
normal/medium/handRanking/full/astra,2775637553,polish,11,False,89,17181,23,0,False
normal/medium/handRanking/full/astra,2775637554,polish,6,False,33,2775,14,0,False
normal/medium/handRanking/full/astra,2775637555,polish,11,False,89,11860,22,1,False
normal/medium/handRanking/full/astra,2775637556,polish,11,False,89,12383,32,1,False
normal/medium/handRanking/full/astra,2775637557,polish,11,False,89,12430,23,0,False
normal/medium/handRanking/full/astra,2775637558,polish,7,False,43,4138,22,0,False
normal/medium/handRanking/full/astra,2775637559,polish,7,False,43,4968,15,0,False
normal/medium/handRanking/full/astra,2775637560,polish,7,False,43,4392,18,0,False
normal/medium/handRanking/full/astra,2775637561,polish,8,False,53,4782,27,0,False
normal/medium/handRanking/full/astra,2775637562,polish,10,False,76,10270,20,0,False
normal/medium/handRanking/full/astra,2775637563,polish,11,False,89,11981,22,1,False
normal/medium/handRanking/full/astra,2775637564,polish,8,False,53,5188,23,0,False
normal/medium/handRanking/full/astra,2775637565,polish,9,False,63,7455,23,0,False
normal/medium/handRanking/full/astra,2775637566,polish,7,False,43,3598,17,0,False
normal/medium/handRanking/full/astra,2775637567,polish,7,False,43,4742,20,0,False
normal/medium/handRanking/full/astra,2775637568,polish,7,False,43,3205,25,0,False
normal/medium/handRanking/full/astra,2775637569,polish,8,False,53,5257,22,2,False
normal/medium/handRanking/full/astra,2775637570,polish,11,False,89,11400,26,1,False
normal/medium/handRanking/full/astra,2775637571,polish,11,False,89,9693,32,0,False
normal/medium/handRanking/full/astra,2775637572,polish,7,False,43,4825,21,0,False
normal/medium/handRanking/full/astra,2775637573,polish,7,False,43,4179,17,0,False
normal/medium/handRanking/full/astra,2775637574,polish,7,False,43,3885,17,0,False
normal/medium/handRanking/full/astra,2775637575,polish,5,False,26,2232,13,3,False
normal/medium/handRanking/full/astra,2775637576,polish,5,False,26,2386,14,1,False
normal/medium/handRanking/full/astra,2775637577,polish,3,False,12,1087,9,0,False
normal/medium/handRanking/full/astra,2775637578,polish,8,False,53,9073,23,0,False
normal/medium/handRanking/full/astra,2775637579,polish,10,False,76,9223,25,0,False
normal/medium/handRanking/full/astra,2775637580,polish,6,False,33,3370,11,0,False
normal/medium/handRanking/full/astra,2775637581,polish,8,False,53,5593,17,0,False
normal/medium/handRanking/full/astra,2775637582,polish,8,False,53,5564,23,3,False
normal/medium/handRanking/full/astra,2775637583,polish,9,False,63,6923,24,1,False
normal/medium/handRanking/full/astra,2775637584,polish,11,False,89,11805,33,1,False
normal/medium/handRanking/full/astra,2775637585,polish,8,False,53,5822,25,1,False
normal/medium/handRanking/full/astra,2775637586,polish,6,False,33,2880,17,1,False
normal/medium/handRanking/full/astra,2775637587,polish,8,False,53,6006,24,1,False
normal/medium/handRanking/full/astra,2775637588,polish,8,False,53,5800,20,0,False
normal/medium/handRanking/full/astra,2775637589,polish,9,False,63,8465,18,1,False
normal/medium/handRanking/full/astra,2775637590,polish,5,False,26,2247,16,0,False
normal/medium/handRanking/full/astra,2775637591,polish,9,False,63,6754,26,0,False
normal/medium/handRanking/full/astra,2775637592,polish,6,False,33,3864,15,0,False
normal/medium/handRanking/full/astra,2775637593,polish,11,False,89,14483,22,2,False
normal/medium/handRanking/full/astra,2775637594,polish,6,False,33,4674,10,0,False
normal/medium/handRanking/full/astra,2775637595,polish,4,False,19,1542,8,0,False
normal/medium/handRanking/full/astra,2775637596,polish,8,False,53,5339,17,0,False
normal/medium/handRanking/full/astra,2775637597,polish,9,False,63,6923,19,0,False
normal/medium/handRanking/full/astra,2775637598,polish,9,False,63,8923,15,1,False
normal/medium/handRanking/full/astra,2775637599,polish,10,False,76,11134,28,0,False
normal/medium/handRanking/full/astra,2775637600,polish,5,False,26,1860,13,0,False
normal/medium/handRanking/full/astra,2775637601,polish,5,False,26,2980,11,0,False
normal/medium/handRanking/full/astra,2775637602,polish,4,False,19,1323,10,1,False
normal/medium/handRanking/full/astra,2775637603,polish,7,False,43,4231,19,0,False
normal/medium/handRanking/full/astra,2775637604,polish,8,False,53,5262,20,0,False
normal/medium/handRanking/full/astra,2775637605,polish,9,False,63,6845,22,0,False
normal/medium/handRanking/full/astra,2775637606,polish,11,False,89,18432,36,1,False
normal/medium/handRanking/full/astra,2775637607,polish,11,False,89,11640,28,0,False
normal/medium/handRanking/full/astra,2775637608,polish,8,False,53,5885,21,2,False
normal/medium/handRanking/full/astra,2775637609,polish,12,True,122,15336,23,0,False
normal/medium/handRanking/full/astra,2775637610,polish,12,True,122,13420,21,0,False
normal/medium/handRanking/full/astra,2775637611,polish,11,False,89,10432,22,1,False
normal/medium/handRanking/full/astra,2775637612,polish,12,True,122,14407,36,3,False
normal/medium/handRanking/full/astra,2775637613,polish,12,True,122,13884,17,1,False
normal/medium/handRanking/full/astra,2775637614,polish,11,False,89,13868,27,0,False
normal/medium/handRanking/full/astra,2775637615,polish,5,False,26,2055,15,0,False
normal/medium/handRanking/full/astra,2775637616,polish,11,False,89,11459,24,0,False
normal/medium/handRanking/full/astra,2775637617,polish,4,False,19,1462,10,0,False
normal/medium/handRanking/full/astra,2775637618,polish,8,False,53,5111,24,0,False
normal/medium/handRanking/full/astra,2775637619,polish,5,False,26,3282,10,0,False
normal/medium/handRanking/full/astra,2775637620,polish,5,False,26,1915,13,0,False
normal/medium/handRanking/full/astra,2775637621,polish,8,False,53,5231,14,0,False
normal/medium/handRanking/full/astra,2775637622,polish,7,False,43,3987,22,0,False
normal/medium/handRanking/full/astra,2775637623,polish,11,False,89,10535,33,2,False
normal/medium/handRanking/full/astra,2775637624,polish,3,False,12,985,8,0,False
normal/medium/handRanking/full/astra,2775637625,polish,10,False,76,9975,24,2,False
normal/medium/handRanking/full/astra,2775637626,polish,5,False,26,1886,13,0,False
normal/medium/handRanking/full/astra,2775637627,polish,4,False,19,2150,14,0,False
normal/medium/handRanking/full/astra,2775637628,polish,7,False,43,3484,21,0,False
normal/medium/handRanking/full/astra,2775637629,polish,4,False,19,1488,16,0,False
normal/medium/handRanking/full/astra,2775637630,polish,7,False,43,5366,17,0,False
normal/medium/handRanking/full/astra,2775637631,polish,8,False,53,6305,18,0,False
normal/medium/handRanking/full/astra,2775637632,polish,11,False,89,10333,29,0,False
normal/medium/handRanking/full/astra,2775637633,polish,8,False,53,4324,29,2,False
normal/medium/handRanking/full/astra,2775637634,polish,10,False,76,14027,32,0,False
normal/medium/handRanking/full/astra,2775637635,polish,8,False,53,7050,25,0,False
normal/medium/handRanking/full/astra,2775637636,polish,10,False,76,9556,27,0,False
normal/medium/handRanking/full/astra,2775637637,polish,9,False,63,6587,22,1,False
normal/medium/handRanking/full/astra,2775637638,polish,7,False,43,4374,24,1,False
normal/medium/handRanking/full/astra,2775637639,polish,8,False,53,5739,16,0,False
normal/medium/handRanking/full/astra,2775637640,polish,11,False,89,14224,33,0,False
normal/medium/handRanking/full/astra,2775637641,polish,8,False,53,5402,27,0,False
normal/medium/handRanking/full/astra,2775637642,polish,5,False,26,1835,17,1,False
normal/medium/handRanking/full/astra,2775637643,polish,8,False,53,5644,25,1,False
normal/medium/handRanking/full/astra,2775637644,polish,9,False,63,8285,26,1,False
normal/medium/handRanking/full/astra,2775637645,polish,8,False,53,6584,20,1,False
normal/medium/handRanking/full/astra,2775637646,polish,9,False,63,6668,26,1,False
normal/medium/handRanking/full/astra,2775637647,polish,6,False,33,3283,15,0,False
normal/medium/handRanking/full/astra,2775637648,polish,8,False,53,5730,17,0,False
normal/medium/handRanking/full/astra,2775637649,polish,7,False,43,3415,25,2,False
normal/medium/handRanking/full/astra,2775637650,polish,7,False,43,4514,22,3,False
normal/medium/handRanking/full/astra,2775637651,polish,10,False,76,20356,32,1,False
normal/medium/handRanking/full/astra,2775637652,polish,8,False,53,5202,27,0,False
normal/medium/handRanking/full/astra,2775637653,polish,4,False,19,1394,12,1,False
normal/medium/handRanking/full/astra,2775637654,polish,11,False,89,11407,25,0,False
normal/medium/handRanking/full/astra,2775637655,polish,6,False,33,3148,14,1,False
normal/medium/handRanking/full/astra,2775637656,polish,4,False,19,1458,9,0,False
normal/medium/handRanking/full/astra,2775637657,polish,11,False,89,11199,24,0,False
normal/medium/handRanking/full/astra,2775637658,polish,6,False,33,4401,11,0,False
normal/medium/handRanking/full/astra,2775637659,polish,6,False,33,3541,14,4,False
normal/medium/handRanking/full/astra,2775637660,polish,9,False,63,8847,20,1,False
normal/medium/handRanking/full/astra,2775637661,polish,7,False,43,4101,15,1,False
normal/medium/handRanking/full/astra,2775637662,polish,8,False,53,5698,19,1,False
normal/medium/handRanking/full/astra,2775637663,polish,10,False,76,9332,23,1,False
normal/medium/handRanking/full/astra,2775637664,polish,8,False,53,5531,28,1,False
normal/medium/handRanking/full/astra,2775637665,polish,8,False,53,5026,21,1,False
normal/medium/handRanking/full/astra,2775637666,polish,5,False,26,2310,12,2,False
normal/medium/handRanking/full/astra,2775637667,polish,6,False,33,3410,14,0,False
normal/medium/handRanking/full/astra,2775637668,polish,11,False,89,10098,22,2,False
normal/medium/handRanking/full/astra,2775637669,polish,11,False,89,19664,19,0,False
normal/medium/handRanking/full/astra,2775637670,polish,11,False,89,11553,23,0,False
normal/medium/handRanking/full/astra,2775637671,polish,7,False,43,3963,18,0,False
normal/medium/handRanking/full/astra,2775637672,polish,7,False,43,3513,14,1,False
normal/medium/handRanking/full/astra,2775637673,polish,6,False,33,2899,16,0,False
normal/medium/handRanking/full/astra,2775637674,polish,8,False,53,5525,24,0,False
normal/medium/handRanking/full/astra,2775637675,polish,7,False,43,3641,21,0,False
normal/medium/handRanking/full/astra,2775637676,polish,9,False,63,9779,15,0,False
normal/medium/handRanking/full/astra,2775637677,polish,12,True,122,23514,16,0,False
normal/medium/handRanking/full/astra,2775637678,polish,8,False,53,5064,22,2,False
normal/medium/handRanking/full/astra,2775637679,polish,10,False,76,9311,23,1,False
normal/medium/handRanking/full/astra,2775637680,polish,5,False,26,2547,15,0,False
normal/medium/handRanking/full/astra,2775637681,polish,11,False,89,10425,35,1,False
normal/medium/handRanking/full/astra,2775637682,polish,7,False,43,4210,21,0,False
normal/medium/handRanking/full/astra,2775637683,polish,6,False,33,2890,14,2,False
normal/medium/handRanking/full/astra,2775637684,polish,6,False,33,4402,17,0,False
normal/medium/handRanking/full/astra,2775637685,polish,9,False,63,7080,19,0,False
normal/medium/handRanking/full/astra,2775637686,polish,9,False,63,6331,29,0,False
normal/medium/handRanking/full/astra,2775637687,polish,5,False,26,1859,13,0,False
normal/medium/handRanking/full/astra,2775637688,polish,8,False,53,5287,20,4,False
normal/medium/handRanking/full/astra,2775637689,polish,10,False,76,9514,25,0,False
normal/medium/handRanking/full/astra,2775637690,polish,6,False,33,2559,15,2,False
normal/medium/handRanking/full/astra,2775637691,polish,5,False,26,2613,12,0,False
normal/medium/handRanking/full/astra,2775637692,polish,6,False,33,2564,21,0,False
normal/medium/handRanking/full/astra,2775637693,polish,5,False,26,2468,10,0,False
normal/medium/handRanking/full/astra,2775637694,polish,5,False,26,2023,15,0,False
normal/medium/handRanking/full/astra,2775637695,polish,5,False,26,2050,12,1,False
normal/medium/handRanking/full/astra,2775637696,polish,8,False,53,5242,20,0,False
normal/medium/handRanking/full/astra,2775637697,polish,5,False,26,2551,17,1,False
normal/medium/handRanking/full/astra,2775637698,polish,11,False,89,12412,20,0,False
normal/medium/handRanking/full/astra,2775637699,polish,8,False,53,5193,27,0,False
normal/medium/handRanking/full/astra,2775637700,polish,9,False,63,5894,29,0,False
normal/medium/handRanking/full/astra,2775637701,polish,11,False,89,9725,29,0,False
normal/medium/handRanking/full/astra,2775637702,polish,5,False,26,1929,17,1,False
normal/medium/handRanking/full/astra,2775637703,polish,12,True,122,15562,19,0,False
normal/medium/handRanking/full/astra,2775637704,polish,9,False,63,7429,20,0,False
normal/medium/handRanking/full/astra,2775637705,polish,7,False,43,4189,23,0,False
normal/medium/handRanking/full/astra,2775637706,polish,11,False,89,18006,41,1,False
normal/medium/handRanking/full/astra,2775637707,polish,11,False,89,10829,31,0,False
normal/medium/handRanking/full/astra,2775637708,polish,6,False,33,2546,16,0,False
normal/medium/handRanking/full/astra,2775637709,polish,5,False,26,1922,16,0,False
normal/medium/handRanking/full/astra,2775637710,polish,10,False,76,10725,22,1,False
normal/medium/handRanking/full/astra,2775637711,polish,5,False,26,2277,13,0,False
normal/medium/handRanking/full/astra,2775637712,polish,9,False,63,5688,28,0,False
normal/medium/handRanking/full/astra,2775637713,polish,8,False,53,5496,20,2,False
normal/medium/handRanking/full/astra,2775637714,polish,5,False,26,2125,17,2,False
normal/medium/handRanking/full/astra,2775637715,polish,11,False,89,11812,33,3,False
normal/medium/handRanking/full/astra,2775637716,polish,6,False,33,2870,20,0,False
normal/medium/handRanking/full/astra,2775637717,polish,9,False,63,6863,26,0,False
normal/medium/handRanking/full/astra,2775637718,polish,11,False,89,10458,30,0,False
normal/medium/handRanking/full/astra,2775637719,polish,6,False,33,3134,16,1,False
normal/medium/handRanking/full/astra,2775637720,polish,7,False,43,6551,14,0,False
normal/medium/handRanking/full/astra,2775637721,polish,12,True,122,12273,22,1,False
normal/medium/handRanking/full/astra,2775637722,polish,11,False,89,34251,34,1,False
normal/medium/handRanking/full/astra,2775637723,polish,4,False,19,1467,14,1,False
normal/medium/handRanking/full/astra,2775637724,polish,11,False,89,10036,30,0,False
normal/medium/handRanking/full/astra,2775637725,polish,11,False,89,14062,24,0,False
normal/medium/handRanking/full/astra,2775637726,polish,6,False,33,2905,17,0,False
normal/medium/handRanking/full/astra,2775637727,polish,5,False,26,2123,11,1,False
normal/medium/handRanking/full/astra,2775637728,polish,7,False,43,4262,18,0,False
normal/medium/handRanking/full/astra,2775637729,polish,12,True,122,12387,33,0,False
normal/medium/handRanking/full/astra,2775637730,polish,7,False,43,4214,18,0,False
normal/medium/handRanking/full/astra,2775637731,polish,5,False,26,2073,12,1,False
normal/medium/handRanking/full/astra,2775637732,polish,11,False,89,10849,28,1,False
normal/medium/handRanking/full/astra,2775637733,polish,8,False,53,4504,22,2,False
normal/medium/handRanking/full/astra,2775637734,polish,8,False,53,5445,21,1,False
normal/medium/handRanking/full/astra,2775637735,polish,5,False,26,2341,10,0,False
normal/medium/handRanking/full/astra,2775637736,polish,2,False,8,590,9,1,False
normal/medium/handRanking/full/astra,2775637737,polish,6,False,33,2985,15,1,False
normal/medium/handRanking/full/astra,2775637738,polish,11,False,89,12546,17,1,False
normal/medium/handRanking/full/astra,2775637739,polish,12,True,122,13473,27,0,False
normal/medium/handRanking/full/astra,2775637740,polish,6,False,33,2861,19,1,False
normal/medium/handRanking/full/astra,2775637741,polish,11,False,89,13740,32,0,False
normal/medium/handRanking/full/astra,2775637742,polish,8,False,53,5195,19,1,False
normal/medium/handRanking/full/astra,2775637743,polish,8,False,53,4929,20,1,False
normal/medium/handRanking/full/astra,2775637744,polish,11,False,89,12716,25,1,False
normal/medium/handRanking/full/astra,2775637745,polish,11,False,89,11491,34,0,False
normal/medium/handRanking/full/astra,2775637746,polish,8,False,53,6589,18,0,False
normal/medium/handRanking/full/astra,2775637747,polish,10,False,76,9260,25,0,False
normal/medium/handRanking/full/astra,2775637748,polish,8,False,53,7202,25,0,False
normal/medium/handRanking/full/astra,2775637749,polish,9,False,63,7148,21,0,False
normal/medium/handRanking/full/astra,2775637750,polish,8,False,53,4932,21,1,False
normal/medium/handRanking/full/astra,2775637751,polish,12,True,122,14418,32,0,False
normal/medium/handRanking/full/astra,2775637752,polish,7,False,43,4347,19,0,False
normal/medium/handRanking/full/astra,2775637753,polish,11,False,89,13354,25,1,False
normal/medium/handRanking/full/astra,2775637754,polish,11,False,89,14506,26,2,False
normal/medium/handRanking/full/astra,2775637755,polish,10,False,76,8566,26,1,False
normal/medium/handRanking/full/astra,2775637756,polish,9,False,63,8061,21,1,False
normal/medium/handRanking/full/astra,2775637757,polish,10,False,76,8967,23,0,False
normal/medium/handRanking/full/astra,2775637758,polish,8,False,53,4564,20,0,False
normal/medium/handRanking/full/astra,2775637759,polish,10,False,76,8812,29,1,False
normal/medium/handRanking/full/astra,2775637760,polish,7,False,43,3641,24,1,False
normal/medium/handRanking/full/astra,2775637761,polish,7,False,43,4021,20,0,False
normal/medium/handRanking/full/astra,2775637762,polish,4,False,19,1488,13,0,False
normal/medium/handRanking/full/astra,2775637763,polish,11,False,89,12820,36,3,False
normal/medium/handRanking/full/astra,2775637764,polish,11,False,89,11659,26,0,False
normal/medium/handRanking/full/astra,2775637765,polish,12,True,122,13526,32,0,False
normal/medium/handRanking/full/astra,2775637766,polish,10,False,76,8755,32,0,False
normal/medium/handRanking/full/astra,2775637767,polish,10,False,76,8699,32,1,False
normal/medium/handRanking/full/astra,2775637768,polish,7,False,43,4607,19,1,False
normal/medium/handRanking/full/astra,2775637769,polish,7,False,43,5084,17,0,False
normal/medium/handRanking/full/astra,2775637770,polish,9,False,63,8915,31,0,False
normal/medium/handRanking/full/astra,2775637771,polish,4,False,19,1255,11,0,False
normal/medium/handRanking/full/astra,2775637772,polish,7,False,43,4224,22,1,False
normal/medium/handRanking/full/astra,2775637773,polish,12,True,122,20694,16,1,False
normal/medium/handRanking/full/astra,2775637774,polish,6,False,33,3503,16,0,False
normal/medium/handRanking/full/astra,2775637775,polish,11,False,89,11825,27,1,False
normal/medium/handRanking/full/astra,2775637776,polish,11,False,89,14543,29,1,False
normal/medium/handRanking/full/astra,2775637777,polish,8,False,53,5401,22,0,False
normal/medium/handRanking/full/astra,2775637778,polish,5,False,26,2255,15,2,False
normal/medium/handRanking/full/astra,2775637779,polish,6,False,33,3069,16,0,False
normal/medium/handRanking/full/astra,2775637780,polish,8,False,53,16022,14,1,False
normal/medium/handRanking/full/astra,2775637781,polish,8,False,53,5446,21,1,False
normal/medium/handRanking/full/astra,2775637782,polish,10,False,76,9428,28,0,False
normal/medium/handRanking/full/astra,2775637783,polish,5,False,26,1558,10,1,False
normal/medium/handRanking/full/astra,2775637784,polish,11,False,89,11141,29,2,False
normal/medium/handRanking/full/astra,2775637785,polish,9,False,63,8312,24,1,False
normal/medium/handRanking/full/astra,2775637786,polish,5,False,26,1968,14,2,False
normal/medium/handRanking/full/astra,2775637787,polish,7,False,43,4634,16,1,False
normal/medium/handRanking/full/astra,2775637788,polish,11,False,89,21484,33,0,False
normal/medium/handRanking/full/astra,2775637789,polish,11,False,89,12793,23,0,False
normal/medium/handRanking/full/astra,2775637790,polish,6,False,33,3128,16,0,False
normal/medium/handRanking/full/astra,2775637791,polish,5,False,26,2448,11,0,False
normal/medium/handRanking/full/astra,2775637792,polish,6,False,33,2434,20,0,False
normal/medium/handRanking/full/astra,2775637793,polish,5,False,26,2055,11,1,False
normal/medium/handRanking/full/astra,2775637794,polish,8,False,53,7120,15,0,False
normal/medium/handRanking/full/astra,2775637795,polish,5,False,26,1908,16,2,False
normal/medium/handRanking/full/astra,2775637796,polish,8,False,53,5764,16,1,False
normal/medium/handRanking/full/astra,2775637797,polish,8,False,53,5677,16,0,False
normal/medium/handRanking/full/astra,2775637798,polish,11,False,89,18624,35,0,False
normal/medium/handRanking/full/astra,2775637799,polish,5,False,26,2440,15,0,False
normal/medium/handRanking/full/astra,2775637800,polish,11,False,89,11948,21,0,False
normal/medium/handRanking/full/astra,2775637801,polish,8,False,53,5240,17,0,False
normal/medium/handRanking/full/astra,2775637802,polish,6,False,33,2389,16,1,False
normal/medium/handRanking/full/astra,2775637803,polish,5,False,26,2187,14,0,False
normal/medium/handRanking/full/astra,2775637804,polish,7,False,43,3816,16,1,False
normal/medium/handRanking/full/astra,2775637805,polish,8,False,53,5233,20,1,False
normal/medium/handRanking/full/astra,2775637806,polish,9,False,63,5964,24,0,False
normal/medium/handRanking/full/astra,2775637807,polish,9,False,63,6607,20,2,False
normal/medium/handRanking/full/astra,2775637808,polish,3,False,12,966,9,0,False
normal/medium/handRanking/full/astra,2775637809,polish,9,False,63,6747,31,0,False
normal/medium/handRanking/full/astra,2775637810,polish,10,False,76,9078,24,0,False
normal/medium/handRanking/full/astra,2775637811,polish,8,False,53,5164,19,0,False
normal/medium/handRanking/full/astra,2775637812,polish,7,False,43,4434,20,1,False
normal/medium/handRanking/full/astra,2775637813,polish,11,False,89,14527,25,0,False
normal/medium/handRanking/full/astra,2775637814,polish,10,False,76,12348,20,1,False
normal/medium/handRanking/full/astra,2775637815,polish,8,False,53,8368,17,0,False
normal/medium/handRanking/full/astra,2775637816,polish,12,True,122,12517,26,1,False
normal/medium/handRanking/full/astra,2775637817,polish,11,False,89,11093,24,0,False
normal/medium/handRanking/full/astra,2775637818,polish,8,False,53,5062,21,1,False
normal/medium/handRanking/full/astra,2775637819,polish,11,False,89,13064,29,0,False
normal/medium/handRanking/full/astra,2775637820,polish,8,False,53,5440,17,0,False
normal/medium/handRanking/full/astra,2775637821,polish,7,False,43,3968,20,1,False
normal/medium/handRanking/full/astra,2775637822,polish,5,False,26,2147,12,0,False
normal/medium/handRanking/full/astra,2775637823,polish,9,False,63,7353,27,0,False
normal/medium/handRanking/full/astra,2775637824,polish,9,False,63,7465,22,0,False
normal/medium/handRanking/full/astra,2775637825,polish,11,False,89,11936,28,0,False
normal/medium/handRanking/full/astra,2775637826,polish,8,False,53,5320,24,0,False
normal/medium/handRanking/full/astra,2775637827,polish,7,False,43,6532,17,1,False
normal/medium/handRanking/full/astra,2775637828,polish,5,False,26,1979,13,2,False
normal/medium/handRanking/full/astra,2775637829,polish,7,False,43,4379,19,0,False
normal/medium/handRanking/full/astra,2775637830,polish,9,False,63,6295,24,0,False
normal/medium/handRanking/full/astra,2775637831,polish,2,False,8,430,7,0,False
normal/medium/handRanking/full/astra,2775637832,polish,3,False,12,958,11,0,False
normal/medium/handRanking/full/astra,2775637833,polish,6,False,33,4351,12,0,False
normal/medium/handRanking/full/astra,2775637834,polish,8,False,53,5162,22,0,False
normal/medium/handRanking/full/astra,2775637835,polish,12,True,122,13675,29,0,False
normal/medium/handRanking/full/astra,2775637836,polish,11,False,89,11546,27,0,False
normal/medium/handRanking/full/astra,2775637837,polish,10,False,76,11125,22,0,False
normal/medium/handRanking/full/astra,2775637838,polish,12,True,122,15241,17,0,False
normal/medium/handRanking/full/astra,2775637839,polish,7,False,43,5057,23,2,False
normal/medium/handRanking/full/astra,2775637840,polish,11,False,89,12125,28,0,False
normal/medium/handRanking/full/astra,2775637841,polish,11,False,89,10737,31,0,False
normal/medium/handRanking/full/astra,2775637842,polish,5,False,26,2863,12,0,False
normal/medium/handRanking/full/astra,2775637843,polish,7,False,43,4299,22,2,False
normal/medium/handRanking/full/astra,2775637844,polish,8,False,53,6390,21,1,False
normal/medium/handRanking/full/astra,2775637845,polish,6,False,33,3299,16,0,False
normal/medium/handRanking/full/astra,2775637846,polish,11,False,89,11982,37,2,False
normal/medium/handRanking/full/astra,2775637847,polish,11,False,89,10849,27,1,False
normal/medium/handRanking/full/astra,2775637848,polish,11,False,89,11801,20,0,False
normal/medium/handRanking/full/astra,2775637849,polish,8,False,53,5516,18,0,False
normal/medium/handRanking/full/astra,2775637850,polish,9,False,63,6676,28,2,False
normal/medium/handRanking/full/astra,2775637851,polish,9,False,63,8191,20,0,False
normal/medium/handRanking/full/astra,2775637852,polish,2,False,8,459,8,0,False
normal/medium/handRanking/full/astra,2775637853,polish,8,False,53,5928,20,2,False
normal/medium/handRanking/full/astra,2775637854,polish,8,False,53,4777,20,2,False
normal/medium/handRanking/full/astra,2775637855,polish,9,False,63,6119,25,1,False
normal/medium/handRanking/full/astra,2775637856,polish,11,False,89,12969,22,0,False
normal/medium/handRanking/full/astra,2775637857,polish,8,False,53,6029,26,2,False
normal/medium/handRanking/full/astra,2775637858,polish,5,False,26,2137,18,0,False
normal/medium/handRanking/full/astra,2775637859,polish,6,False,33,2712,21,1,False
normal/medium/handRanking/full/astra,2775637860,polish,11,False,89,12619,31,3,False
normal/medium/handRanking/full/astra,2775637861,polish,12,True,122,12386,32,1,False
normal/medium/handRanking/full/astra,2775637862,polish,7,False,43,4607,13,1,False
normal/medium/handRanking/full/astra,2775637863,polish,8,False,53,5762,20,0,False
normal/medium/handRanking/full/astra,2775637864,polish,11,False,89,9702,30,2,False
normal/medium/handRanking/full/astra,2775637865,polish,8,False,53,4590,25,0,False
normal/medium/handRanking/full/astra,2775637866,polish,9,False,63,6874,22,1,False
normal/medium/handRanking/full/astra,2775637867,polish,11,False,89,29665,38,2,False
normal/medium/handRanking/full/astra,2775637868,polish,10,False,76,9259,26,1,False
normal/medium/handRanking/full/astra,2775637869,polish,11,False,89,10578,24,0,False
normal/medium/handRanking/full/astra,2775637870,polish,8,False,53,4445,28,0,False
normal/medium/handRanking/full/astra,2775637871,polish,5,False,26,2402,17,1,False
normal/medium/handRanking/full/astra,2775637872,polish,7,False,43,3837,19,1,False
normal/medium/handRanking/full/astra,2775637873,polish,6,False,33,3029,14,0,False
normal/medium/handRanking/full/astra,2775637874,polish,12,True,122,16063,26,0,False
normal/medium/handRanking/full/astra,2775637875,polish,9,False,63,7837,22,2,False
normal/medium/handRanking/full/astra,2775637876,polish,5,False,26,2105,13,0,False
normal/medium/handRanking/full/astra,2775637877,polish,4,False,19,1317,9,0,False
normal/medium/handRanking/full/astra,2775637878,polish,9,False,63,7235,23,3,False
normal/medium/handRanking/full/astra,2775637879,polish,10,False,76,9106,25,2,False
normal/medium/handRanking/full/astra,2775637880,polish,6,False,33,2978,19,1,False
normal/medium/handRanking/full/astra,2775637881,polish,11,False,89,11600,36,0,False
normal/medium/handRanking/full/astra,2775637882,polish,9,False,63,10141,17,0,False
normal/medium/handRanking/full/astra,2775637883,polish,4,False,19,1818,9,0,False
normal/medium/handRanking/full/astra,2775637884,polish,9,False,63,8124,28,0,False
normal/medium/handRanking/full/astra,2775637885,polish,5,False,26,1861,11,0,False
normal/medium/handRanking/full/astra,2775637886,polish,8,False,53,7764,25,0,False
normal/medium/handRanking/full/astra,2775637887,polish,8,False,53,5154,25,0,False
normal/medium/handRanking/full/astra,2775637888,polish,5,False,26,1936,15,0,False
normal/medium/handRanking/full/astra,2775637889,polish,11,False,89,12054,30,3,False
normal/medium/handRanking/full/astra,2775637890,polish,12,True,122,15533,26,0,False
normal/medium/handRanking/full/astra,2775637891,polish,7,False,43,3511,19,0,False
normal/medium/handRanking/full/astra,2775637892,polish,7,False,43,3888,18,1,False
normal/medium/handRanking/full/astra,2775637893,polish,9,False,63,7702,23,0,False
normal/medium/handRanking/full/astra,2775637894,polish,9,False,63,7542,24,0,False
normal/medium/handRanking/full/astra,2775637895,polish,8,False,53,6228,28,2,False
normal/medium/handRanking/full/astra,2775637896,polish,7,False,43,3670,21,1,False
normal/medium/handRanking/full/astra,2775637897,polish,11,False,89,11378,28,1,False
normal/medium/handRanking/full/astra,2775637898,polish,11,False,89,15576,21,1,False
normal/medium/handRanking/full/astra,2775637899,polish,8,False,53,5636,19,0,False
normal/medium/handRanking/full/astra,2775637900,polish,6,False,33,3948,12,0,False
normal/medium/handRanking/full/astra,2775637901,polish,5,False,26,2588,13,0,False
normal/medium/handRanking/full/astra,2775637902,polish,10,False,76,8837,24,4,False
normal/medium/handRanking/full/astra,2775637903,polish,7,False,43,4353,17,1,False
normal/medium/handRanking/full/astra,2775637904,polish,8,False,53,5991,22,0,False
normal/medium/handRanking/full/astra,2775637905,polish,11,False,89,10986,26,1,False
normal/medium/handRanking/full/astra,2775637906,polish,11,False,89,12110,30,1,False
normal/medium/handRanking/full/astra,2775637907,polish,11,False,89,13085,36,0,False
normal/medium/handRanking/full/astra,2775637908,polish,7,False,43,3766,21,0,False
normal/medium/handRanking/full/astra,2775637909,polish,9,False,63,6908,29,1,False
normal/medium/handRanking/full/astra,2775637910,polish,11,False,89,14501,25,1,False
normal/medium/handRanking/full/astra,2775637911,polish,9,False,63,6203,28,2,False
normal/medium/handRanking/full/astra,2775637912,polish,11,False,89,13587,24,1,False
normal/medium/handRanking/full/astra,2775637913,polish,11,False,89,12999,23,1,False
normal/medium/handRanking/full/astra,2775637914,polish,5,False,26,1909,19,2,False
normal/medium/handRanking/full/astra,2775637915,polish,8,False,53,5270,21,0,False
normal/medium/handRanking/full/astra,2775637916,polish,5,False,26,1853,11,1,False
normal/medium/handRanking/full/astra,2775637917,polish,10,False,76,8556,23,1,False
normal/medium/handRanking/full/astra,2775637918,polish,5,False,26,2439,11,0,False
normal/medium/handRanking/full/astra,2775637919,polish,4,False,19,1630,10,0,False
normal/medium/handRanking/full/astra,2775637920,polish,12,True,122,16521,30,1,False
normal/medium/handRanking/full/astra,2775637921,polish,7,False,43,4104,20,0,False
normal/medium/handRanking/full/astra,2775637922,polish,6,False,33,2624,17,1,False
normal/medium/handRanking/full/astra,2775637923,polish,11,False,89,11299,31,0,False
normal/medium/handRanking/full/astra,2775637924,polish,11,False,89,11962,40,1,False
normal/medium/handRanking/full/astra,2775637925,polish,10,False,76,8618,32,1,False
normal/medium/handRanking/full/astra,2775637926,polish,5,False,26,1891,11,0,False
normal/medium/handRanking/full/astra,2775637927,polish,5,False,26,2148,15,0,False
normal/medium/handRanking/full/astra,2775637928,polish,7,False,43,3533,18,1,False
normal/medium/handRanking/full/astra,2775637929,polish,12,True,122,15307,32,0,False
normal/medium/handRanking/full/astra,2775637930,polish,5,False,26,3295,13,0,False
normal/medium/handRanking/full/astra,2775637931,polish,8,False,53,6047,21,0,False
normal/medium/handRanking/full/astra,2775637932,polish,7,False,43,3988,18,0,False
normal/medium/handRanking/full/astra,2775637933,polish,7,False,43,3817,20,0,False
normal/medium/handRanking/full/astra,2775637934,polish,6,False,33,2815,16,0,False
normal/medium/handRanking/full/astra,2775637935,polish,11,False,89,11832,29,0,False
normal/medium/handRanking/full/astra,2775637936,polish,11,False,89,10798,26,3,False
normal/medium/handRanking/full/astra,2775637937,polish,10,False,76,9609,19,0,False
normal/medium/handRanking/full/astra,2775637938,polish,9,False,63,8832,22,0,False
normal/medium/handRanking/full/astra,2775637939,polish,7,False,43,6095,19,0,False
normal/medium/handRanking/full/astra,2775637940,polish,8,False,53,5260,24,0,False
normal/medium/handRanking/full/astra,2775637941,polish,8,False,53,6609,19,1,False
normal/medium/handRanking/full/astra,2775637942,polish,11,False,89,13317,27,0,False
normal/medium/handRanking/full/astra,2775637943,polish,9,False,63,7255,18,0,False
normal/medium/handRanking/full/astra,2775637944,polish,7,False,43,4222,23,0,False
normal/medium/handRanking/full/astra,2775637945,polish,6,False,33,3191,15,0,False
normal/medium/handRanking/full/astra,2775637946,polish,8,False,53,4880,17,0,False
normal/medium/handRanking/full/astra,2775637947,polish,8,False,53,6805,22,1,False
normal/medium/handRanking/full/astra,2775637948,polish,6,False,33,2972,14,0,False
normal/medium/handRanking/full/astra,2775637949,polish,9,False,63,6283,26,1,False
normal/medium/handRanking/full/astra,2775637950,polish,11,False,89,12442,29,4,False
normal/medium/handRanking/full/astra,2775637951,polish,11,False,89,12280,21,2,False
normal/medium/handRanking/full/astra,2775637952,polish,7,False,43,4044,17,0,False
normal/medium/handRanking/full/astra,2775637953,polish,8,False,53,5796,15,0,False
normal/medium/handRanking/full/astra,2775637954,polish,5,False,26,1817,17,0,False
normal/medium/handRanking/full/astra,2775637955,polish,10,False,76,8721,24,0,False
normal/medium/handRanking/full/astra,2775637956,polish,11,False,89,13056,21,1,False
normal/medium/handRanking/full/astra,2775637957,polish,6,False,33,2790,17,0,False
normal/medium/handRanking/full/astra,2775637958,polish,9,False,63,6993,21,0,False
normal/medium/handRanking/full/astra,2775637959,polish,8,False,53,5726,19,0,False
normal/medium/handRanking/full/astra,2775637960,polish,9,False,63,7929,26,1,False
normal/medium/handRanking/full/astra,2775637961,polish,11,False,89,12663,24,0,False
normal/medium/handRanking/full/astra,2775637962,polish,11,False,89,20112,23,0,False
normal/medium/handRanking/full/astra,2775637963,polish,11,False,89,15389,27,1,False
normal/medium/handRanking/full/astra,2775637964,polish,11,False,89,18380,22,0,False
normal/medium/handRanking/full/astra,2775637965,polish,12,True,122,16676,22,1,False
normal/medium/handRanking/full/astra,2775637966,polish,11,False,89,12900,18,1,False
normal/medium/handRanking/full/astra,2775637967,polish,11,False,89,17565,33,0,False
normal/medium/handRanking/full/astra,2775637968,polish,6,False,33,2785,20,2,False
normal/medium/handRanking/full/astra,2775637969,polish,11,False,89,10884,29,4,False
normal/medium/handRanking/full/astra,2775637970,polish,10,False,76,8839,29,0,False
normal/medium/handRanking/full/astra,2775637971,polish,9,False,63,7213,24,2,False
normal/medium/handRanking/full/astra,2775637972,polish,10,False,76,8740,29,3,False
normal/medium/handRanking/full/astra,2775637973,polish,3,False,12,1047,9,1,False
normal/medium/handRanking/full/astra,2775637974,polish,12,True,122,14846,27,0,False
normal/medium/handRanking/full/astra,2775637975,polish,10,False,76,11032,20,1,False
normal/medium/handRanking/full/astra,2775637976,polish,4,False,19,1994,14,0,False
normal/medium/handRanking/full/astra,2775637977,polish,6,False,33,3610,14,0,False
normal/medium/handRanking/full/astra,2775637978,polish,11,False,89,14185,33,0,False
normal/medium/handRanking/full/astra,2775637979,polish,8,False,53,4940,19,0,False
normal/medium/handRanking/full/astra,2775637980,polish,7,False,43,4044,17,0,False
normal/medium/handRanking/full/astra,2775637981,polish,5,False,26,2270,16,2,False
normal/medium/handRanking/full/astra,2775637982,polish,8,False,53,6348,19,0,False
normal/medium/handRanking/full/astra,2775637983,polish,2,False,8,510,6,1,False
normal/medium/handRanking/full/astra,2775637984,polish,8,False,53,5032,24,0,False
normal/medium/handRanking/full/astra,2775637985,polish,7,False,43,3490,19,1,False
normal/medium/handRanking/full/astra,2775637986,polish,4,False,19,1254,10,1,False
normal/medium/handRanking/full/astra,2775637987,polish,5,False,26,2177,16,2,False
normal/medium/handRanking/full/astra,2775637988,polish,7,False,43,4092,19,0,False
normal/medium/handRanking/full/astra,2775637989,polish,8,False,53,5654,23,2,False
normal/medium/handRanking/full/astra,2775637990,polish,11,False,89,11834,22,0,False
normal/medium/handRanking/full/astra,2775637991,polish,11,False,89,10328,35,1,False
normal/medium/handRanking/full/astra,2775637992,polish,11,False,89,14308,30,1,False
normal/medium/handRanking/full/astra,2775637993,polish,9,False,63,7511,30,4,False
normal/medium/handRanking/full/astra,2775637994,polish,11,False,89,16345,32,0,False
normal/medium/handRanking/full/astra,2775637995,polish,9,False,63,6545,26,6,False
normal/medium/handRanking/full/astra,2775637996,polish,11,False,89,11516,32,0,False
normal/medium/handRanking/full/astra,2775637997,polish,9,False,63,7256,25,0,False
normal/medium/handRanking/full/astra,2775637998,polish,8,False,53,4911,23,1,False
normal/medium/handRanking/full/astra,2775637999,polish,9,False,63,7995,26,5,False
normal/medium/handRanking/full/astra,2775638000,polish,11,False,89,14207,27,3,False
normal/medium/handRanking/full/astra,2775638001,polish,11,False,89,13232,29,0,False
normal/medium/handRanking/full/astra,2775638002,polish,8,False,53,6507,22,1,False
normal/medium/handRanking/full/astra,2775638003,polish,11,False,89,10294,24,0,False
normal/medium/handRanking/full/astra,2775638004,polish,8,False,53,12459,28,0,False
normal/medium/handRanking/full/astra,2775638005,polish,5,False,26,2287,11,1,False
normal/medium/handRanking/full/astra,2775638006,polish,6,False,33,3775,17,0,False
normal/medium/handRanking/full/astra,2775638007,polish,7,False,43,5294,22,1,False
normal/medium/handRanking/full/astra,2775638008,polish,8,False,53,6265,17,0,False
normal/medium/handRanking/full/astra,2775638009,polish,7,False,43,4694,16,0,False
normal/medium/handRanking/full/astra,2775638010,polish,7,False,43,3678,23,1,False
normal/medium/handRanking/full/astra,2775638011,polish,6,False,33,2404,18,0,False
normal/medium/handRanking/full/astra,2775638012,polish,11,False,89,15733,20,0,False
normal/medium/handRanking/full/astra,2775638013,polish,7,False,43,5011,18,0,False
normal/medium/handRanking/full/astra,2775638014,polish,5,False,26,1615,15,2,False
normal/medium/handRanking/full/astra,2775638015,polish,10,False,76,8980,24,1,False
normal/medium/handRanking/full/astra,2775638016,polish,9,False,63,8497,24,0,False
normal/medium/handRanking/full/astra,2775638017,polish,7,False,43,3797,22,0,False
normal/medium/handRanking/full/astra,2775638018,polish,8,False,53,4359,21,0,False
normal/medium/handRanking/full/astra,2775638019,polish,10,False,76,8910,22,0,False
normal/medium/handRanking/full/astra,2775638020,polish,6,False,33,3402,14,0,False
normal/medium/handRanking/full/astra,2775638021,polish,7,False,43,3875,18,0,False
normal/medium/handRanking/full/astra,2775638022,polish,11,False,89,11471,24,0,False
normal/medium/handRanking/full/astra,2775638023,polish,7,False,43,4015,22,0,False
normal/medium/handRanking/full/astra,2775638024,polish,10,False,76,9229,22,0,False
normal/medium/handRanking/full/astra,2775638025,polish,9,False,63,7656,23,2,False
normal/medium/handRanking/full/astra,2775638026,polish,11,False,89,11235,28,1,False
normal/medium/handRanking/full/astra,2775638027,polish,5,False,26,1918,16,1,False
normal/medium/handRanking/full/astra,2775638028,polish,8,False,53,4776,27,1,False
normal/medium/handRanking/full/astra,2775638029,polish,5,False,26,3535,10,0,False
normal/medium/handRanking/full/astra,2775638030,polish,8,False,53,6017,29,1,False
normal/medium/handRanking/full/astra,2775638031,polish,8,False,53,6265,20,4,False
normal/medium/handRanking/full/astra,2775638032,polish,5,False,26,2250,17,3,False
normal/medium/handRanking/full/astra,2775638033,polish,5,False,26,2583,13,0,False
normal/medium/handRanking/full/astra,2775638034,polish,11,False,89,10873,28,0,False
normal/medium/handRanking/full/astra,2775638035,polish,7,False,43,5035,15,2,False
normal/medium/adaptive/new/astra,2775637536,polish,11,False,89,12730,25,11,False
normal/medium/adaptive/new/astra,2775637537,polish,12,True,122,12309,21,10,False
normal/medium/adaptive/new/astra,2775637538,polish,12,True,122,11934,20,14,False
normal/medium/adaptive/new/astra,2775637539,polish,11,False,89,11224,25,12,False
normal/medium/adaptive/new/astra,2775637540,polish,8,False,53,5085,17,1,False
normal/medium/adaptive/new/astra,2775637541,polish,12,True,122,12317,29,13,False
normal/medium/adaptive/new/astra,2775637542,polish,12,True,122,12543,19,12,False
normal/medium/adaptive/new/astra,2775637543,polish,11,False,89,12101,27,12,False
normal/medium/adaptive/new/astra,2775637544,polish,11,False,89,10659,29,13,False
normal/medium/adaptive/new/astra,2775637545,polish,11,False,89,10623,25,14,False
normal/medium/adaptive/new/astra,2775637546,polish,11,False,89,10604,28,17,False
normal/medium/adaptive/new/astra,2775637547,polish,11,False,89,10714,25,11,False
normal/medium/adaptive/new/astra,2775637548,polish,8,False,53,5546,14,1,False
normal/medium/adaptive/new/astra,2775637549,polish,10,False,76,9707,23,5,False
normal/medium/adaptive/new/astra,2775637550,polish,12,True,122,13050,25,18,False
normal/medium/adaptive/new/astra,2775637551,polish,11,False,89,9951,22,16,False
normal/medium/adaptive/new/astra,2775637552,polish,11,False,89,11693,26,20,False
normal/medium/adaptive/new/astra,2775637553,polish,12,True,122,12244,28,13,False
normal/medium/adaptive/new/astra,2775637554,polish,11,False,89,11117,22,15,False
normal/medium/adaptive/new/astra,2775637555,polish,11,False,89,12159,27,14,False
normal/medium/adaptive/new/astra,2775637556,polish,11,False,89,11336,26,9,False
normal/medium/adaptive/new/astra,2775637557,polish,12,True,122,12557,20,12,False
normal/medium/adaptive/new/astra,2775637558,polish,12,True,122,12357,18,10,False
normal/medium/adaptive/new/astra,2775637559,polish,11,False,89,12543,24,9,False
normal/medium/adaptive/new/astra,2775637560,polish,11,False,89,9179,29,10,False
normal/medium/adaptive/new/astra,2775637561,polish,10,False,76,8104,25,7,False
normal/medium/adaptive/new/astra,2775637562,polish,12,True,122,11848,24,16,False
normal/medium/adaptive/new/astra,2775637563,polish,9,False,63,6836,20,6,False
normal/medium/adaptive/new/astra,2775637564,polish,8,False,53,6129,16,7,False
normal/medium/adaptive/new/astra,2775637565,polish,12,True,122,12330,26,11,False
normal/medium/adaptive/new/astra,2775637566,polish,11,False,89,11911,25,17,False
normal/medium/adaptive/new/astra,2775637567,polish,12,True,122,13130,21,11,False
normal/medium/adaptive/new/astra,2775637568,polish,8,False,53,5250,14,9,False
normal/medium/adaptive/new/astra,2775637569,polish,8,False,53,5324,15,11,False
normal/medium/adaptive/new/astra,2775637570,polish,11,False,89,10915,21,16,False
normal/medium/adaptive/new/astra,2775637571,polish,11,False,89,11229,21,12,False
normal/medium/adaptive/new/astra,2775637572,polish,11,False,89,11928,22,13,False
normal/medium/adaptive/new/astra,2775637573,polish,12,True,122,12202,24,11,False
normal/medium/adaptive/new/astra,2775637574,polish,11,False,89,10785,26,11,False
normal/medium/adaptive/new/astra,2775637575,polish,8,False,53,4882,19,10,False
normal/medium/adaptive/new/astra,2775637576,polish,12,True,122,12889,24,8,False
normal/medium/adaptive/new/astra,2775637577,polish,11,False,89,11397,25,16,False
normal/medium/adaptive/new/astra,2775637578,polish,8,False,53,6077,17,6,False
normal/medium/adaptive/new/astra,2775637579,polish,11,False,89,11320,22,14,False
normal/medium/adaptive/new/astra,2775637580,polish,11,False,89,10832,26,11,False
normal/medium/adaptive/new/astra,2775637581,polish,11,False,89,11573,23,14,False
normal/medium/adaptive/new/astra,2775637582,polish,11,False,89,10180,23,10,False
normal/medium/adaptive/new/astra,2775637583,polish,11,False,89,10103,24,8,False
normal/medium/adaptive/new/astra,2775637584,polish,11,False,89,11852,25,10,False
normal/medium/adaptive/new/astra,2775637585,polish,11,False,89,12521,24,20,False
normal/medium/adaptive/new/astra,2775637586,polish,11,False,89,12420,30,12,False
normal/medium/adaptive/new/astra,2775637587,polish,11,False,89,11023,26,15,False
normal/medium/adaptive/new/astra,2775637588,polish,12,True,122,14539,21,13,False
normal/medium/adaptive/new/astra,2775637589,polish,11,False,89,11203,26,16,False
normal/medium/adaptive/new/astra,2775637590,polish,11,False,89,11313,25,13,False
normal/medium/adaptive/new/astra,2775637591,polish,11,False,89,12300,24,15,False
normal/medium/adaptive/new/astra,2775637592,polish,12,True,122,12415,25,19,False
normal/medium/adaptive/new/astra,2775637593,polish,11,False,89,11164,24,6,False
normal/medium/adaptive/new/astra,2775637594,polish,11,False,89,11838,22,19,False
normal/medium/adaptive/new/astra,2775637595,polish,11,False,89,11347,22,10,False
normal/medium/adaptive/new/astra,2775637596,polish,12,True,122,12319,24,9,False
normal/medium/adaptive/new/astra,2775637597,polish,11,False,89,11012,23,13,False
normal/medium/adaptive/new/astra,2775637598,polish,11,False,89,10783,22,9,False
normal/medium/adaptive/new/astra,2775637599,polish,11,False,89,10981,22,16,False
normal/medium/adaptive/new/astra,2775637600,polish,11,False,89,12407,26,15,False
normal/medium/adaptive/new/astra,2775637601,polish,11,False,89,10662,27,17,False
normal/medium/adaptive/new/astra,2775637602,polish,8,False,53,5282,18,4,False
normal/medium/adaptive/new/astra,2775637603,polish,8,False,53,6078,14,11,False
normal/medium/adaptive/new/astra,2775637604,polish,10,False,76,9748,19,12,False
normal/medium/adaptive/new/astra,2775637605,polish,8,False,53,4931,18,5,False
normal/medium/adaptive/new/astra,2775637606,polish,11,False,89,12359,24,10,False
normal/medium/adaptive/new/astra,2775637607,polish,12,True,122,12093,28,14,False
normal/medium/adaptive/new/astra,2775637608,polish,11,False,89,10766,28,11,False
normal/medium/adaptive/new/astra,2775637609,polish,11,False,89,11446,23,13,False
normal/medium/adaptive/new/astra,2775637610,polish,11,False,89,12378,25,13,False
normal/medium/adaptive/new/astra,2775637611,polish,12,True,122,12510,25,14,False
normal/medium/adaptive/new/astra,2775637612,polish,11,False,89,9646,26,11,False
normal/medium/adaptive/new/astra,2775637613,polish,11,False,89,11222,27,10,False
normal/medium/adaptive/new/astra,2775637614,polish,11,False,89,11836,25,11,False
normal/medium/adaptive/new/astra,2775637615,polish,12,True,122,12445,20,16,False
normal/medium/adaptive/new/astra,2775637616,polish,11,False,89,11653,23,13,False
normal/medium/adaptive/new/astra,2775637617,polish,12,True,122,12230,26,15,False
normal/medium/adaptive/new/astra,2775637618,polish,11,False,89,11678,26,14,False
normal/medium/adaptive/new/astra,2775637619,polish,11,False,89,10974,24,16,False
normal/medium/adaptive/new/astra,2775637620,polish,11,False,89,11490,24,17,False
normal/medium/adaptive/new/astra,2775637621,polish,11,False,89,11833,23,17,False
normal/medium/adaptive/new/astra,2775637622,polish,11,False,89,11061,26,17,False
normal/medium/adaptive/new/astra,2775637623,polish,11,False,89,12263,20,17,False
normal/medium/adaptive/new/astra,2775637624,polish,12,True,122,11361,25,18,False
normal/medium/adaptive/new/astra,2775637625,polish,11,False,89,12635,18,7,False
normal/medium/adaptive/new/astra,2775637626,polish,11,False,89,12671,26,20,False
normal/medium/adaptive/new/astra,2775637627,polish,11,False,89,14471,26,17,False
normal/medium/adaptive/new/astra,2775637628,polish,11,False,89,12083,24,11,False
normal/medium/adaptive/new/astra,2775637629,polish,11,False,89,11184,26,20,False
normal/medium/adaptive/new/astra,2775637630,polish,11,False,89,11075,25,4,False
normal/medium/adaptive/new/astra,2775637631,polish,8,False,53,5357,16,3,False
normal/medium/adaptive/new/astra,2775637632,polish,12,True,122,13090,25,23,False
normal/medium/adaptive/new/astra,2775637633,polish,8,False,53,5187,16,10,False
normal/medium/adaptive/new/astra,2775637634,polish,11,False,89,10614,28,8,False
normal/medium/adaptive/new/astra,2775637635,polish,11,False,89,11544,27,11,False
normal/medium/adaptive/new/astra,2775637636,polish,11,False,89,10583,28,11,False
normal/medium/adaptive/new/astra,2775637637,polish,11,False,89,11740,23,11,False
normal/medium/adaptive/new/astra,2775637638,polish,12,True,122,12472,24,15,False
normal/medium/adaptive/new/astra,2775637639,polish,11,False,89,10822,26,14,False
normal/medium/adaptive/new/astra,2775637640,polish,12,True,122,13158,24,17,False
normal/medium/adaptive/new/astra,2775637641,polish,11,False,89,10890,24,7,False
normal/medium/adaptive/new/astra,2775637642,polish,8,False,53,5547,17,10,False
normal/medium/adaptive/new/astra,2775637643,polish,11,False,89,10345,27,12,False
normal/medium/adaptive/new/astra,2775637644,polish,8,False,53,5781,15,1,False
normal/medium/adaptive/new/astra,2775637645,polish,8,False,53,5761,14,7,False
normal/medium/adaptive/new/astra,2775637646,polish,11,False,89,10456,24,7,False
normal/medium/adaptive/new/astra,2775637647,polish,12,True,122,11983,29,15,False
normal/medium/adaptive/new/astra,2775637648,polish,8,False,53,7008,16,5,False
normal/medium/adaptive/new/astra,2775637649,polish,11,False,89,11633,20,19,False
normal/medium/adaptive/new/astra,2775637650,polish,10,False,76,9769,22,10,False
normal/medium/adaptive/new/astra,2775637651,polish,12,True,122,13844,21,11,False
normal/medium/adaptive/new/astra,2775637652,polish,11,False,89,10529,26,13,False
normal/medium/adaptive/new/astra,2775637653,polish,12,True,122,13257,23,20,False
normal/medium/adaptive/new/astra,2775637654,polish,12,True,122,12822,22,11,False
normal/medium/adaptive/new/astra,2775637655,polish,11,False,89,11601,26,7,False
normal/medium/adaptive/new/astra,2775637656,polish,11,False,89,12407,27,14,False
normal/medium/adaptive/new/astra,2775637657,polish,11,False,89,11871,27,10,False
normal/medium/adaptive/new/astra,2775637658,polish,8,False,53,5462,15,1,False
normal/medium/adaptive/new/astra,2775637659,polish,12,True,122,11044,22,9,False
normal/medium/adaptive/new/astra,2775637660,polish,9,False,63,7425,18,10,False
normal/medium/adaptive/new/astra,2775637661,polish,11,False,89,13003,26,10,False
normal/medium/adaptive/new/astra,2775637662,polish,8,False,53,5789,14,11,False
normal/medium/adaptive/new/astra,2775637663,polish,12,True,122,12815,20,17,False
normal/medium/adaptive/new/astra,2775637664,polish,12,True,122,13355,23,10,False
normal/medium/adaptive/new/astra,2775637665,polish,11,False,89,12274,29,19,False
normal/medium/adaptive/new/astra,2775637666,polish,12,True,122,13207,25,20,False
normal/medium/adaptive/new/astra,2775637667,polish,12,True,122,12106,27,8,False
normal/medium/adaptive/new/astra,2775637668,polish,11,False,89,13851,20,17,False
normal/medium/adaptive/new/astra,2775637669,polish,12,True,122,11978,19,11,False
normal/medium/adaptive/new/astra,2775637670,polish,11,False,89,12231,26,16,False
normal/medium/adaptive/new/astra,2775637671,polish,12,True,122,12560,23,11,False
normal/medium/adaptive/new/astra,2775637672,polish,8,False,53,5261,14,4,False
normal/medium/adaptive/new/astra,2775637673,polish,6,False,33,3509,12,5,False
normal/medium/adaptive/new/astra,2775637674,polish,11,False,89,11804,23,17,False
normal/medium/adaptive/new/astra,2775637675,polish,8,False,53,5488,15,7,False
normal/medium/adaptive/new/astra,2775637676,polish,11,False,89,11039,28,11,False
normal/medium/adaptive/new/astra,2775637677,polish,11,False,89,11239,21,9,False
normal/medium/adaptive/new/astra,2775637678,polish,11,False,89,11539,21,19,False
normal/medium/adaptive/new/astra,2775637679,polish,12,True,122,12485,22,13,False
normal/medium/adaptive/new/astra,2775637680,polish,8,False,53,6219,17,7,False
normal/medium/adaptive/new/astra,2775637681,polish,11,False,89,10919,26,10,False
normal/medium/adaptive/new/astra,2775637682,polish,12,True,122,13507,22,15,False
normal/medium/adaptive/new/astra,2775637683,polish,11,False,89,10901,28,14,False
normal/medium/adaptive/new/astra,2775637684,polish,11,False,89,11041,26,18,False
normal/medium/adaptive/new/astra,2775637685,polish,11,False,89,11463,24,8,False
normal/medium/adaptive/new/astra,2775637686,polish,11,False,89,10700,23,4,False
normal/medium/adaptive/new/astra,2775637687,polish,11,False,89,10732,25,7,False
normal/medium/adaptive/new/astra,2775637688,polish,12,True,122,12600,24,16,False
normal/medium/adaptive/new/astra,2775637689,polish,11,False,89,10809,25,16,False
normal/medium/adaptive/new/astra,2775637690,polish,11,False,89,10641,27,16,False
normal/medium/adaptive/new/astra,2775637691,polish,9,False,63,7295,17,15,False
normal/medium/adaptive/new/astra,2775637692,polish,11,False,89,10499,28,12,False
normal/medium/adaptive/new/astra,2775637693,polish,5,False,26,2769,9,3,False
normal/medium/adaptive/new/astra,2775637694,polish,11,False,89,12144,22,13,False
normal/medium/adaptive/new/astra,2775637695,polish,8,False,53,5763,18,7,False
normal/medium/adaptive/new/astra,2775637696,polish,12,True,122,12726,20,14,False
normal/medium/adaptive/new/astra,2775637697,polish,11,False,89,11405,25,15,False
normal/medium/adaptive/new/astra,2775637698,polish,12,True,122,13144,19,13,False
normal/medium/adaptive/new/astra,2775637699,polish,11,False,89,12765,30,15,False
normal/medium/adaptive/new/astra,2775637700,polish,11,False,89,11659,20,14,False
normal/medium/adaptive/new/astra,2775637701,polish,11,False,89,11318,27,12,False
normal/medium/adaptive/new/astra,2775637702,polish,11,False,89,12791,22,16,False
normal/medium/adaptive/new/astra,2775637703,polish,10,False,76,9236,23,7,False
normal/medium/adaptive/new/astra,2775637704,polish,11,False,89,9494,25,8,False
normal/medium/adaptive/new/astra,2775637705,polish,12,True,122,12750,25,15,False
normal/medium/adaptive/new/astra,2775637706,polish,11,False,89,11344,26,15,False
normal/medium/adaptive/new/astra,2775637707,polish,11,False,89,11241,24,14,False
normal/medium/adaptive/new/astra,2775637708,polish,12,True,122,11562,23,12,False
normal/medium/adaptive/new/astra,2775637709,polish,11,False,89,12954,20,15,False
normal/medium/adaptive/new/astra,2775637710,polish,12,True,122,12494,22,12,False
normal/medium/adaptive/new/astra,2775637711,polish,11,False,89,11313,26,7,False
normal/medium/adaptive/new/astra,2775637712,polish,8,False,53,5347,15,8,False
normal/medium/adaptive/new/astra,2775637713,polish,11,False,89,10941,21,12,False
normal/medium/adaptive/new/astra,2775637714,polish,11,False,89,11994,24,21,False
normal/medium/adaptive/new/astra,2775637715,polish,12,True,122,12779,21,13,False
normal/medium/adaptive/new/astra,2775637716,polish,11,False,89,11187,23,15,False
normal/medium/adaptive/new/astra,2775637717,polish,12,True,122,12236,23,11,False
normal/medium/adaptive/new/astra,2775637718,polish,12,True,122,13395,20,12,False
normal/medium/adaptive/new/astra,2775637719,polish,12,True,122,14858,20,14,False
normal/medium/adaptive/new/astra,2775637720,polish,11,False,89,12807,21,12,False
normal/medium/adaptive/new/astra,2775637721,polish,11,False,89,12282,25,18,False
normal/medium/adaptive/new/astra,2775637722,polish,10,False,76,8262,20,7,False
normal/medium/adaptive/new/astra,2775637723,polish,11,False,89,13177,21,13,False
normal/medium/adaptive/new/astra,2775637724,polish,11,False,89,11091,26,9,False
normal/medium/adaptive/new/astra,2775637725,polish,11,False,89,11928,27,10,False
normal/medium/adaptive/new/astra,2775637726,polish,11,False,89,11138,26,19,False
normal/medium/adaptive/new/astra,2775637727,polish,11,False,89,12292,21,17,False
normal/medium/adaptive/new/astra,2775637728,polish,11,False,89,10297,28,12,False
normal/medium/adaptive/new/astra,2775637729,polish,11,False,89,11318,24,12,False
normal/medium/adaptive/new/astra,2775637730,polish,11,False,89,11990,20,15,False
normal/medium/adaptive/new/astra,2775637731,polish,12,True,122,11316,25,18,False
normal/medium/adaptive/new/astra,2775637732,polish,11,False,89,9610,28,10,False
normal/medium/adaptive/new/astra,2775637733,polish,8,False,53,5728,15,9,False
normal/medium/adaptive/new/astra,2775637734,polish,8,False,53,5134,16,2,False
normal/medium/adaptive/new/astra,2775637735,polish,11,False,89,11107,27,9,False
normal/medium/adaptive/new/astra,2775637736,polish,11,False,89,11031,24,19,False
normal/medium/adaptive/new/astra,2775637737,polish,11,False,89,11095,21,10,False
normal/medium/adaptive/new/astra,2775637738,polish,11,False,89,12212,26,11,False
normal/medium/adaptive/new/astra,2775637739,polish,11,False,89,13245,25,18,False
normal/medium/adaptive/new/astra,2775637740,polish,11,False,89,12364,21,11,False
normal/medium/adaptive/new/astra,2775637741,polish,11,False,89,11430,24,20,False
normal/medium/adaptive/new/astra,2775637742,polish,11,False,89,10937,22,11,False
normal/medium/adaptive/new/astra,2775637743,polish,11,False,89,10848,24,14,False
normal/medium/adaptive/new/astra,2775637744,polish,11,False,89,11268,26,10,False
normal/medium/adaptive/new/astra,2775637745,polish,9,False,63,7184,24,3,False
normal/medium/adaptive/new/astra,2775637746,polish,8,False,53,6261,17,10,False
normal/medium/adaptive/new/astra,2775637747,polish,11,False,89,11704,29,11,False
normal/medium/adaptive/new/astra,2775637748,polish,11,False,89,12306,28,16,False
normal/medium/adaptive/new/astra,2775637749,polish,11,False,89,10445,23,9,False
normal/medium/adaptive/new/astra,2775637750,polish,11,False,89,10390,30,8,False
normal/medium/adaptive/new/astra,2775637751,polish,12,True,122,12775,22,17,False
normal/medium/adaptive/new/astra,2775637752,polish,11,False,89,11254,24,10,False
normal/medium/adaptive/new/astra,2775637753,polish,11,False,89,10878,23,19,False
normal/medium/adaptive/new/astra,2775637754,polish,11,False,89,12626,26,18,False
normal/medium/adaptive/new/astra,2775637755,polish,11,False,89,11318,28,10,False
normal/medium/adaptive/new/astra,2775637756,polish,11,False,89,11043,27,10,False
normal/medium/adaptive/new/astra,2775637757,polish,11,False,89,11994,22,13,False
normal/medium/adaptive/new/astra,2775637758,polish,11,False,89,11071,24,10,False
normal/medium/adaptive/new/astra,2775637759,polish,11,False,89,11028,25,15,False
normal/medium/adaptive/new/astra,2775637760,polish,11,False,89,10410,24,11,False
normal/medium/adaptive/new/astra,2775637761,polish,11,False,89,10658,25,18,False
normal/medium/adaptive/new/astra,2775637762,polish,12,True,122,12238,24,12,False
normal/medium/adaptive/new/astra,2775637763,polish,12,True,122,12502,22,12,False
normal/medium/adaptive/new/astra,2775637764,polish,11,False,89,12600,19,10,False
normal/medium/adaptive/new/astra,2775637765,polish,11,False,89,12252,23,14,False
normal/medium/adaptive/new/astra,2775637766,polish,11,False,89,10946,28,9,False
normal/medium/adaptive/new/astra,2775637767,polish,11,False,89,11255,26,22,False
normal/medium/adaptive/new/astra,2775637768,polish,11,False,89,11493,22,14,False
normal/medium/adaptive/new/astra,2775637769,polish,11,False,89,10979,24,8,False
normal/medium/adaptive/new/astra,2775637770,polish,12,True,122,11272,24,13,False
normal/medium/adaptive/new/astra,2775637771,polish,12,True,122,12873,29,14,False
normal/medium/adaptive/new/astra,2775637772,polish,12,True,122,12750,23,9,False
normal/medium/adaptive/new/astra,2775637773,polish,11,False,89,11396,24,19,False
normal/medium/adaptive/new/astra,2775637774,polish,11,False,89,11916,26,12,False
normal/medium/adaptive/new/astra,2775637775,polish,11,False,89,11217,20,12,False
normal/medium/adaptive/new/astra,2775637776,polish,12,True,122,11948,23,16,False
normal/medium/adaptive/new/astra,2775637777,polish,8,False,53,6262,14,6,False
normal/medium/adaptive/new/astra,2775637778,polish,10,False,76,9997,24,11,False
normal/medium/adaptive/new/astra,2775637779,polish,11,False,89,11933,22,14,False
normal/medium/adaptive/new/astra,2775637780,polish,12,True,122,13313,20,14,False
normal/medium/adaptive/new/astra,2775637781,polish,12,True,122,12112,27,22,False
normal/medium/adaptive/new/astra,2775637782,polish,11,False,89,11610,20,9,False
normal/medium/adaptive/new/astra,2775637783,polish,8,False,53,5480,13,6,False
normal/medium/adaptive/new/astra,2775637784,polish,11,False,89,10568,22,11,False
normal/medium/adaptive/new/astra,2775637785,polish,12,True,122,12080,21,10,False
normal/medium/adaptive/new/astra,2775637786,polish,9,False,63,6830,22,9,False
normal/medium/adaptive/new/astra,2775637787,polish,11,False,89,11379,24,13,False
normal/medium/adaptive/new/astra,2775637788,polish,11,False,89,11605,28,21,False
normal/medium/adaptive/new/astra,2775637789,polish,12,True,122,12371,25,7,False
normal/medium/adaptive/new/astra,2775637790,polish,12,True,122,11486,21,11,False
normal/medium/adaptive/new/astra,2775637791,polish,12,True,122,12967,22,17,False
normal/medium/adaptive/new/astra,2775637792,polish,11,False,89,12071,23,14,False
normal/medium/adaptive/new/astra,2775637793,polish,11,False,89,11279,24,16,False
normal/medium/adaptive/new/astra,2775637794,polish,12,True,122,11602,25,14,False
normal/medium/adaptive/new/astra,2775637795,polish,11,False,89,12038,22,19,False
normal/medium/adaptive/new/astra,2775637796,polish,8,False,53,5467,17,6,False
normal/medium/adaptive/new/astra,2775637797,polish,11,False,89,11061,27,12,False
normal/medium/adaptive/new/astra,2775637798,polish,11,False,89,10664,22,16,False
normal/medium/adaptive/new/astra,2775637799,polish,8,False,53,5929,16,9,False
normal/medium/adaptive/new/astra,2775637800,polish,12,True,122,13685,23,9,False
normal/medium/adaptive/new/astra,2775637801,polish,8,False,53,5830,18,8,False
normal/medium/adaptive/new/astra,2775637802,polish,11,False,89,11295,23,9,False
normal/medium/adaptive/new/astra,2775637803,polish,11,False,89,10897,28,8,False
normal/medium/adaptive/new/astra,2775637804,polish,12,True,122,12460,21,15,False
normal/medium/adaptive/new/astra,2775637805,polish,10,False,76,10099,26,15,False
normal/medium/adaptive/new/astra,2775637806,polish,11,False,89,11540,23,16,False
normal/medium/adaptive/new/astra,2775637807,polish,11,False,89,10841,22,17,False
normal/medium/adaptive/new/astra,2775637808,polish,8,False,53,5271,15,9,False
normal/medium/adaptive/new/astra,2775637809,polish,10,False,76,8610,25,3,False
normal/medium/adaptive/new/astra,2775637810,polish,11,False,89,10733,24,13,False
normal/medium/adaptive/new/astra,2775637811,polish,8,False,53,5518,16,4,False
normal/medium/adaptive/new/astra,2775637812,polish,8,False,53,6748,16,4,False
normal/medium/adaptive/new/astra,2775637813,polish,11,False,89,11743,24,9,False
normal/medium/adaptive/new/astra,2775637814,polish,11,False,89,12513,26,20,False
normal/medium/adaptive/new/astra,2775637815,polish,11,False,89,10714,24,9,False
normal/medium/adaptive/new/astra,2775637816,polish,11,False,89,12367,21,12,False
normal/medium/adaptive/new/astra,2775637817,polish,11,False,89,11688,25,14,False
normal/medium/adaptive/new/astra,2775637818,polish,11,False,89,11470,23,15,False
normal/medium/adaptive/new/astra,2775637819,polish,11,False,89,11462,22,13,False
normal/medium/adaptive/new/astra,2775637820,polish,8,False,53,5001,15,12,False
normal/medium/adaptive/new/astra,2775637821,polish,12,True,122,14789,20,13,False
normal/medium/adaptive/new/astra,2775637822,polish,11,False,89,10370,30,7,False
normal/medium/adaptive/new/astra,2775637823,polish,11,False,89,9988,29,6,False
normal/medium/adaptive/new/astra,2775637824,polish,11,False,89,11959,25,8,False
normal/medium/adaptive/new/astra,2775637825,polish,11,False,89,11012,27,12,False
normal/medium/adaptive/new/astra,2775637826,polish,11,False,89,10315,24,12,False
normal/medium/adaptive/new/astra,2775637827,polish,11,False,89,13093,21,8,False
normal/medium/adaptive/new/astra,2775637828,polish,11,False,89,12801,23,8,False
normal/medium/adaptive/new/astra,2775637829,polish,11,False,89,11468,22,18,False
normal/medium/adaptive/new/astra,2775637830,polish,12,True,122,12601,24,17,False
normal/medium/adaptive/new/astra,2775637831,polish,11,False,89,10730,30,19,False
normal/medium/adaptive/new/astra,2775637832,polish,10,False,76,10112,23,10,False
normal/medium/adaptive/new/astra,2775637833,polish,11,False,89,11928,21,9,False
normal/medium/adaptive/new/astra,2775637834,polish,11,False,89,11384,30,12,False
normal/medium/adaptive/new/astra,2775637835,polish,10,False,76,9233,22,15,False
normal/medium/adaptive/new/astra,2775637836,polish,9,False,63,7976,17,9,False
normal/medium/adaptive/new/astra,2775637837,polish,11,False,89,10104,25,7,False
normal/medium/adaptive/new/astra,2775637838,polish,11,False,89,11562,25,12,False
normal/medium/adaptive/new/astra,2775637839,polish,11,False,89,11180,24,15,False
normal/medium/adaptive/new/astra,2775637840,polish,11,False,89,11183,25,21,False
normal/medium/adaptive/new/astra,2775637841,polish,10,False,76,10359,20,8,False
normal/medium/adaptive/new/astra,2775637842,polish,11,False,89,11652,24,22,False
normal/medium/adaptive/new/astra,2775637843,polish,12,True,122,11463,25,11,False
normal/medium/adaptive/new/astra,2775637844,polish,10,False,76,9273,22,10,False
normal/medium/adaptive/new/astra,2775637845,polish,11,False,89,12968,20,15,False
normal/medium/adaptive/new/astra,2775637846,polish,11,False,89,10736,25,16,False
normal/medium/adaptive/new/astra,2775637847,polish,12,True,122,13556,21,15,False
normal/medium/adaptive/new/astra,2775637848,polish,12,True,122,13443,22,15,False
normal/medium/adaptive/new/astra,2775637849,polish,8,False,53,5743,15,10,False
normal/medium/adaptive/new/astra,2775637850,polish,11,False,89,11808,26,15,False
normal/medium/adaptive/new/astra,2775637851,polish,12,True,122,14207,25,6,False
normal/medium/adaptive/new/astra,2775637852,polish,11,False,89,11387,29,13,False
normal/medium/adaptive/new/astra,2775637853,polish,11,False,89,11348,22,11,False
normal/medium/adaptive/new/astra,2775637854,polish,12,True,122,11972,23,17,False
normal/medium/adaptive/new/astra,2775637855,polish,11,False,89,12613,24,16,False
normal/medium/adaptive/new/astra,2775637856,polish,10,False,76,8938,24,10,False
normal/medium/adaptive/new/astra,2775637857,polish,11,False,89,12426,23,14,False
normal/medium/adaptive/new/astra,2775637858,polish,11,False,89,11210,23,20,False
normal/medium/adaptive/new/astra,2775637859,polish,8,False,53,5061,21,6,False
normal/medium/adaptive/new/astra,2775637860,polish,11,False,89,12301,23,13,False
normal/medium/adaptive/new/astra,2775637861,polish,11,False,89,11728,27,9,False
normal/medium/adaptive/new/astra,2775637862,polish,8,False,53,5258,14,10,False
normal/medium/adaptive/new/astra,2775637863,polish,11,False,89,11302,24,14,False
normal/medium/adaptive/new/astra,2775637864,polish,11,False,89,10682,27,11,False
normal/medium/adaptive/new/astra,2775637865,polish,8,False,53,5038,20,6,False
normal/medium/adaptive/new/astra,2775637866,polish,11,False,89,10293,25,13,False
normal/medium/adaptive/new/astra,2775637867,polish,11,False,89,11486,29,17,False
normal/medium/adaptive/new/astra,2775637868,polish,11,False,89,13381,20,13,False
normal/medium/adaptive/new/astra,2775637869,polish,11,False,89,11769,23,11,False
normal/medium/adaptive/new/astra,2775637870,polish,11,False,89,12170,22,17,False
normal/medium/adaptive/new/astra,2775637871,polish,11,False,89,11163,23,15,False
normal/medium/adaptive/new/astra,2775637872,polish,8,False,53,6460,16,7,False
normal/medium/adaptive/new/astra,2775637873,polish,12,True,122,12747,24,12,False
normal/medium/adaptive/new/astra,2775637874,polish,11,False,89,11285,28,5,False
normal/medium/adaptive/new/astra,2775637875,polish,11,False,89,10769,21,17,False
normal/medium/adaptive/new/astra,2775637876,polish,11,False,89,10957,25,12,False
normal/medium/adaptive/new/astra,2775637877,polish,8,False,53,6276,16,2,False
normal/medium/adaptive/new/astra,2775637878,polish,12,True,122,12776,25,11,False
normal/medium/adaptive/new/astra,2775637879,polish,10,False,76,9409,19,10,False
normal/medium/adaptive/new/astra,2775637880,polish,11,False,89,12198,21,15,False
normal/medium/adaptive/new/astra,2775637881,polish,11,False,89,12623,22,15,False
normal/medium/adaptive/new/astra,2775637882,polish,11,False,89,10855,23,10,False
normal/medium/adaptive/new/astra,2775637883,polish,8,False,53,6021,16,3,False
normal/medium/adaptive/new/astra,2775637884,polish,11,False,89,10638,24,15,False
normal/medium/adaptive/new/astra,2775637885,polish,11,False,89,11962,20,20,False
normal/medium/adaptive/new/astra,2775637886,polish,12,True,122,13454,21,11,False
normal/medium/adaptive/new/astra,2775637887,polish,8,False,53,6293,17,7,False
normal/medium/adaptive/new/astra,2775637888,polish,11,False,89,11528,29,12,False
normal/medium/adaptive/new/astra,2775637889,polish,12,True,122,12144,20,16,False
normal/medium/adaptive/new/astra,2775637890,polish,12,True,122,12983,22,11,False
normal/medium/adaptive/new/astra,2775637891,polish,11,False,89,12211,19,15,False
normal/medium/adaptive/new/astra,2775637892,polish,11,False,89,10888,21,17,False
normal/medium/adaptive/new/astra,2775637893,polish,11,False,89,12001,21,15,False
normal/medium/adaptive/new/astra,2775637894,polish,12,True,122,11541,23,11,False
normal/medium/adaptive/new/astra,2775637895,polish,11,False,89,10854,23,16,False
normal/medium/adaptive/new/astra,2775637896,polish,12,True,122,12318,25,14,False
normal/medium/adaptive/new/astra,2775637897,polish,11,False,89,12039,23,12,False
normal/medium/adaptive/new/astra,2775637898,polish,10,False,76,10421,20,9,False
normal/medium/adaptive/new/astra,2775637899,polish,8,False,53,5502,16,5,False
normal/medium/adaptive/new/astra,2775637900,polish,11,False,89,11601,24,13,False
normal/medium/adaptive/new/astra,2775637901,polish,11,False,89,10711,29,18,False
normal/medium/adaptive/new/astra,2775637902,polish,11,False,89,13014,22,10,False
normal/medium/adaptive/new/astra,2775637903,polish,11,False,89,12641,24,18,False
normal/medium/adaptive/new/astra,2775637904,polish,8,False,53,5309,16,4,False
normal/medium/adaptive/new/astra,2775637905,polish,11,False,89,11177,27,16,False
normal/medium/adaptive/new/astra,2775637906,polish,11,False,89,13480,22,15,False
normal/medium/adaptive/new/astra,2775637907,polish,11,False,89,12417,27,11,False
normal/medium/adaptive/new/astra,2775637908,polish,12,True,122,12111,22,14,False
normal/medium/adaptive/new/astra,2775637909,polish,12,True,122,12777,22,16,False
normal/medium/adaptive/new/astra,2775637910,polish,11,False,89,10629,23,11,False
normal/medium/adaptive/new/astra,2775637911,polish,11,False,89,13793,22,15,False
normal/medium/adaptive/new/astra,2775637912,polish,11,False,89,11074,24,12,False
normal/medium/adaptive/new/astra,2775637913,polish,11,False,89,10793,25,19,False
normal/medium/adaptive/new/astra,2775637914,polish,12,True,122,12153,25,17,False
normal/medium/adaptive/new/astra,2775637915,polish,8,False,53,5461,19,6,False
normal/medium/adaptive/new/astra,2775637916,polish,11,False,89,12134,24,9,False
normal/medium/adaptive/new/astra,2775637917,polish,11,False,89,11461,25,15,False
normal/medium/adaptive/new/astra,2775637918,polish,10,False,76,8800,25,11,False
normal/medium/adaptive/new/astra,2775637919,polish,12,True,122,13089,23,18,False
normal/medium/adaptive/new/astra,2775637920,polish,11,False,89,13498,22,14,False
normal/medium/adaptive/new/astra,2775637921,polish,11,False,89,11784,29,12,False
normal/medium/adaptive/new/astra,2775637922,polish,10,False,76,9062,21,11,False
normal/medium/adaptive/new/astra,2775637923,polish,11,False,89,11470,27,14,False
normal/medium/adaptive/new/astra,2775637924,polish,11,False,89,11091,25,7,False
normal/medium/adaptive/new/astra,2775637925,polish,11,False,89,12516,22,12,False
normal/medium/adaptive/new/astra,2775637926,polish,11,False,89,10545,23,13,False
normal/medium/adaptive/new/astra,2775637927,polish,12,True,122,13111,21,18,False
normal/medium/adaptive/new/astra,2775637928,polish,11,False,89,11652,23,17,False
normal/medium/adaptive/new/astra,2775637929,polish,11,False,89,10937,21,20,False
normal/medium/adaptive/new/astra,2775637930,polish,8,False,53,4624,18,4,False
normal/medium/adaptive/new/astra,2775637931,polish,11,False,89,11754,26,11,False
normal/medium/adaptive/new/astra,2775637932,polish,12,True,122,12225,23,13,False
normal/medium/adaptive/new/astra,2775637933,polish,8,False,53,4582,15,7,False
normal/medium/adaptive/new/astra,2775637934,polish,11,False,89,12469,21,9,False
normal/medium/adaptive/new/astra,2775637935,polish,11,False,89,12039,24,15,False
normal/medium/adaptive/new/astra,2775637936,polish,11,False,89,11472,24,10,False
normal/medium/adaptive/new/astra,2775637937,polish,11,False,89,11771,21,9,False
normal/medium/adaptive/new/astra,2775637938,polish,12,True,122,11907,19,15,False
normal/medium/adaptive/new/astra,2775637939,polish,11,False,89,12350,24,14,False
normal/medium/adaptive/new/astra,2775637940,polish,11,False,89,11408,27,18,False
normal/medium/adaptive/new/astra,2775637941,polish,11,False,89,11838,21,8,False
normal/medium/adaptive/new/astra,2775637942,polish,11,False,89,10839,23,8,False
normal/medium/adaptive/new/astra,2775637943,polish,11,False,89,11161,24,10,False
normal/medium/adaptive/new/astra,2775637944,polish,11,False,89,10335,22,15,False
normal/medium/adaptive/new/astra,2775637945,polish,11,False,89,11045,24,8,False
normal/medium/adaptive/new/astra,2775637946,polish,8,False,53,6060,15,6,False
normal/medium/adaptive/new/astra,2775637947,polish,11,False,89,13812,21,13,False
normal/medium/adaptive/new/astra,2775637948,polish,12,True,122,12112,25,11,False
normal/medium/adaptive/new/astra,2775637949,polish,12,True,122,13135,22,12,False
normal/medium/adaptive/new/astra,2775637950,polish,12,True,122,12833,26,11,False
normal/medium/adaptive/new/astra,2775637951,polish,11,False,89,10647,23,16,False
normal/medium/adaptive/new/astra,2775637952,polish,11,False,89,13035,24,9,False
normal/medium/adaptive/new/astra,2775637953,polish,8,False,53,5329,15,5,False
normal/medium/adaptive/new/astra,2775637954,polish,11,False,89,11153,26,11,False
normal/medium/adaptive/new/astra,2775637955,polish,11,False,89,10994,28,15,False
normal/medium/adaptive/new/astra,2775637956,polish,12,True,122,13554,20,13,False
normal/medium/adaptive/new/astra,2775637957,polish,11,False,89,13758,22,17,False
normal/medium/adaptive/new/astra,2775637958,polish,11,False,89,11517,23,15,False
normal/medium/adaptive/new/astra,2775637959,polish,11,False,89,12108,26,16,False
normal/medium/adaptive/new/astra,2775637960,polish,12,True,122,12977,23,13,False
normal/medium/adaptive/new/astra,2775637961,polish,11,False,89,10442,24,16,False
normal/medium/adaptive/new/astra,2775637962,polish,11,False,89,12860,26,15,False
normal/medium/adaptive/new/astra,2775637963,polish,11,False,89,10414,25,12,False
normal/medium/adaptive/new/astra,2775637964,polish,11,False,89,10690,29,15,False
normal/medium/adaptive/new/astra,2775637965,polish,10,False,76,9206,20,8,False
normal/medium/adaptive/new/astra,2775637966,polish,8,False,53,6122,16,7,False
normal/medium/adaptive/new/astra,2775637967,polish,12,True,122,11571,22,15,False
normal/medium/adaptive/new/astra,2775637968,polish,11,False,89,11642,28,19,False
normal/medium/adaptive/new/astra,2775637969,polish,8,False,53,5301,18,4,False
normal/medium/adaptive/new/astra,2775637970,polish,12,True,122,12380,18,13,False
normal/medium/adaptive/new/astra,2775637971,polish,11,False,89,10693,23,18,False
normal/medium/adaptive/new/astra,2775637972,polish,11,False,89,12010,22,20,False
normal/medium/adaptive/new/astra,2775637973,polish,11,False,89,10614,26,12,False
normal/medium/adaptive/new/astra,2775637974,polish,10,False,76,10407,23,9,False
normal/medium/adaptive/new/astra,2775637975,polish,10,False,76,9085,23,9,False
normal/medium/adaptive/new/astra,2775637976,polish,11,False,89,11811,25,12,False
normal/medium/adaptive/new/astra,2775637977,polish,11,False,89,10615,26,14,False
normal/medium/adaptive/new/astra,2775637978,polish,11,False,89,11170,23,12,False
normal/medium/adaptive/new/astra,2775637979,polish,8,False,53,5602,17,8,False
normal/medium/adaptive/new/astra,2775637980,polish,8,False,53,5670,13,4,False
normal/medium/adaptive/new/astra,2775637981,polish,11,False,89,11694,26,19,False
normal/medium/adaptive/new/astra,2775637982,polish,11,False,89,12006,24,12,False
normal/medium/adaptive/new/astra,2775637983,polish,12,True,122,11986,23,13,False
normal/medium/adaptive/new/astra,2775637984,polish,8,False,53,5928,12,8,False
normal/medium/adaptive/new/astra,2775637985,polish,11,False,89,12010,21,9,False
normal/medium/adaptive/new/astra,2775637986,polish,12,True,122,12510,25,17,False
normal/medium/adaptive/new/astra,2775637987,polish,11,False,89,12029,21,17,False
normal/medium/adaptive/new/astra,2775637988,polish,11,False,89,11680,25,13,False
normal/medium/adaptive/new/astra,2775637989,polish,11,False,89,11766,24,15,False
normal/medium/adaptive/new/astra,2775637990,polish,11,False,89,11475,23,13,False
normal/medium/adaptive/new/astra,2775637991,polish,11,False,89,11138,25,14,False
normal/medium/adaptive/new/astra,2775637992,polish,11,False,89,11369,27,14,False
normal/medium/adaptive/new/astra,2775637993,polish,12,True,122,13299,26,14,False
normal/medium/adaptive/new/astra,2775637994,polish,12,True,122,11358,20,16,False
normal/medium/adaptive/new/astra,2775637995,polish,11,False,89,12612,23,13,False
normal/medium/adaptive/new/astra,2775637996,polish,12,True,122,12810,25,8,False
normal/medium/adaptive/new/astra,2775637997,polish,10,False,76,8746,23,4,False
normal/medium/adaptive/new/astra,2775637998,polish,8,False,53,6171,14,7,False
normal/medium/adaptive/new/astra,2775637999,polish,11,False,89,12615,25,10,False
normal/medium/adaptive/new/astra,2775638000,polish,11,False,89,12527,22,16,False
normal/medium/adaptive/new/astra,2775638001,polish,11,False,89,11452,28,8,False
normal/medium/adaptive/new/astra,2775638002,polish,11,False,89,9866,25,13,False
normal/medium/adaptive/new/astra,2775638003,polish,11,False,89,10463,27,16,False
normal/medium/adaptive/new/astra,2775638004,polish,8,False,53,5827,15,6,False
normal/medium/adaptive/new/astra,2775638005,polish,11,False,89,12562,25,9,False
normal/medium/adaptive/new/astra,2775638006,polish,11,False,89,10690,27,9,False
normal/medium/adaptive/new/astra,2775638007,polish,12,True,122,12637,22,17,False
normal/medium/adaptive/new/astra,2775638008,polish,8,False,53,5569,15,3,False
normal/medium/adaptive/new/astra,2775638009,polish,11,False,89,10111,29,11,False
normal/medium/adaptive/new/astra,2775638010,polish,11,False,89,12125,23,18,False
normal/medium/adaptive/new/astra,2775638011,polish,8,False,53,5966,18,9,False
normal/medium/adaptive/new/astra,2775638012,polish,8,False,53,5221,14,2,False
normal/medium/adaptive/new/astra,2775638013,polish,12,True,122,13504,24,9,False
normal/medium/adaptive/new/astra,2775638014,polish,11,False,89,11009,29,7,False
normal/medium/adaptive/new/astra,2775638015,polish,12,True,122,11979,24,18,False
normal/medium/adaptive/new/astra,2775638016,polish,11,False,89,12118,27,13,False
normal/medium/adaptive/new/astra,2775638017,polish,11,False,89,11714,26,15,False
normal/medium/adaptive/new/astra,2775638018,polish,8,False,53,5372,17,9,False
normal/medium/adaptive/new/astra,2775638019,polish,11,False,89,11135,24,16,False
normal/medium/adaptive/new/astra,2775638020,polish,11,False,89,10765,24,16,False
normal/medium/adaptive/new/astra,2775638021,polish,12,True,122,11754,26,13,False
normal/medium/adaptive/new/astra,2775638022,polish,11,False,89,12352,26,14,False
normal/medium/adaptive/new/astra,2775638023,polish,11,False,89,11034,25,13,False
normal/medium/adaptive/new/astra,2775638024,polish,11,False,89,11195,22,9,False
normal/medium/adaptive/new/astra,2775638025,polish,11,False,89,11393,28,16,False
normal/medium/adaptive/new/astra,2775638026,polish,8,False,53,6852,15,14,False
normal/medium/adaptive/new/astra,2775638027,polish,12,True,122,12138,20,17,False
normal/medium/adaptive/new/astra,2775638028,polish,11,False,89,11903,24,8,False
normal/medium/adaptive/new/astra,2775638029,polish,10,False,76,9100,21,2,False
normal/medium/adaptive/new/astra,2775638030,polish,11,False,89,11162,22,15,False
normal/medium/adaptive/new/astra,2775638031,polish,11,False,89,11738,25,12,False
normal/medium/adaptive/new/astra,2775638032,polish,11,False,89,11530,25,12,False
normal/medium/adaptive/new/astra,2775638033,polish,12,True,122,11981,26,19,False
normal/medium/adaptive/new/astra,2775638034,polish,11,False,89,11873,25,14,False
normal/medium/adaptive/new/astra,2775638035,polish,10,False,76,9332,25,7,False
normal/medium/adaptive/full/astra,2775637536,polish,11,False,89,12755,24,7,False
normal/medium/adaptive/full/astra,2775637537,polish,11,False,89,11240,24,2,False
normal/medium/adaptive/full/astra,2775637538,polish,12,True,122,15646,19,5,False
normal/medium/adaptive/full/astra,2775637539,polish,11,False,89,11693,25,5,False
normal/medium/adaptive/full/astra,2775637540,polish,11,False,89,14626,28,14,False
normal/medium/adaptive/full/astra,2775637541,polish,12,True,122,12795,28,4,False
normal/medium/adaptive/full/astra,2775637542,polish,12,True,122,11880,23,13,False
normal/medium/adaptive/full/astra,2775637543,polish,12,True,122,15954,18,8,False
normal/medium/adaptive/full/astra,2775637544,polish,5,False,26,2912,14,4,False
normal/medium/adaptive/full/astra,2775637545,polish,11,False,89,11241,27,8,False
normal/medium/adaptive/full/astra,2775637546,polish,11,False,89,12097,25,14,False
normal/medium/adaptive/full/astra,2775637547,polish,12,True,122,16169,17,5,False
normal/medium/adaptive/full/astra,2775637548,polish,10,False,76,8210,26,10,False
normal/medium/adaptive/full/astra,2775637549,polish,11,False,89,14677,34,5,False
normal/medium/adaptive/full/astra,2775637550,polish,11,False,89,19327,20,3,False
normal/medium/adaptive/full/astra,2775637551,polish,11,False,89,12511,32,5,False
normal/medium/adaptive/full/astra,2775637552,polish,7,False,43,4117,16,7,False
normal/medium/adaptive/full/astra,2775637553,polish,12,True,122,17174,20,8,False
normal/medium/adaptive/full/astra,2775637554,polish,11,False,89,10148,26,5,False
normal/medium/adaptive/full/astra,2775637555,polish,11,False,89,11308,30,2,False
normal/medium/adaptive/full/astra,2775637556,polish,12,True,122,12670,29,7,False
normal/medium/adaptive/full/astra,2775637557,polish,11,False,89,12856,20,7,False
normal/medium/adaptive/full/astra,2775637558,polish,11,False,89,10723,27,4,False
normal/medium/adaptive/full/astra,2775637559,polish,8,False,53,6145,24,5,False
normal/medium/adaptive/full/astra,2775637560,polish,6,False,33,3218,12,5,False
normal/medium/adaptive/full/astra,2775637561,polish,11,False,89,10085,28,11,False
normal/medium/adaptive/full/astra,2775637562,polish,12,True,122,13784,24,11,False
normal/medium/adaptive/full/astra,2775637563,polish,12,True,122,16055,21,9,False
normal/medium/adaptive/full/astra,2775637564,polish,8,False,53,12454,24,2,False
normal/medium/adaptive/full/astra,2775637565,polish,11,False,89,11674,25,1,False
normal/medium/adaptive/full/astra,2775637566,polish,12,True,122,11928,22,5,False
normal/medium/adaptive/full/astra,2775637567,polish,11,False,89,14968,36,8,False
normal/medium/adaptive/full/astra,2775637568,polish,7,False,43,3964,16,6,False
normal/medium/adaptive/full/astra,2775637569,polish,8,False,53,6869,20,5,False
normal/medium/adaptive/full/astra,2775637570,polish,11,False,89,10469,30,14,False
normal/medium/adaptive/full/astra,2775637571,polish,12,True,122,12151,21,7,False
normal/medium/adaptive/full/astra,2775637572,polish,9,False,63,6848,20,4,False
normal/medium/adaptive/full/astra,2775637573,polish,11,False,89,17531,18,10,False
normal/medium/adaptive/full/astra,2775637574,polish,12,True,122,13046,25,7,False
normal/medium/adaptive/full/astra,2775637575,polish,5,False,26,2208,9,4,False
normal/medium/adaptive/full/astra,2775637576,polish,11,False,89,11638,30,14,False
normal/medium/adaptive/full/astra,2775637577,polish,11,False,89,12828,32,15,False
normal/medium/adaptive/full/astra,2775637578,polish,8,False,53,5162,18,3,False
normal/medium/adaptive/full/astra,2775637579,polish,9,False,63,8314,26,11,False
normal/medium/adaptive/full/astra,2775637580,polish,10,False,76,10369,25,12,False
normal/medium/adaptive/full/astra,2775637581,polish,11,False,89,12730,20,7,False
normal/medium/adaptive/full/astra,2775637582,polish,11,False,89,9926,25,7,False
normal/medium/adaptive/full/astra,2775637583,polish,10,False,76,13423,22,13,False
normal/medium/adaptive/full/astra,2775637584,polish,7,False,43,3995,20,6,False
normal/medium/adaptive/full/astra,2775637585,polish,12,True,122,16396,22,7,False
normal/medium/adaptive/full/astra,2775637586,polish,7,False,43,4598,17,7,False
normal/medium/adaptive/full/astra,2775637587,polish,8,False,53,5345,20,9,False
normal/medium/adaptive/full/astra,2775637588,polish,12,True,122,17387,31,10,False
normal/medium/adaptive/full/astra,2775637589,polish,12,True,122,14366,20,4,False
normal/medium/adaptive/full/astra,2775637590,polish,8,False,53,5414,21,4,False
normal/medium/adaptive/full/astra,2775637591,polish,6,False,33,3983,15,0,False
normal/medium/adaptive/full/astra,2775637592,polish,12,True,122,12064,26,9,False
normal/medium/adaptive/full/astra,2775637593,polish,11,False,89,12280,34,7,False
normal/medium/adaptive/full/astra,2775637594,polish,11,False,89,14819,18,14,False
normal/medium/adaptive/full/astra,2775637595,polish,12,True,122,15505,14,13,False
normal/medium/adaptive/full/astra,2775637596,polish,11,False,89,11520,23,16,False
normal/medium/adaptive/full/astra,2775637597,polish,8,False,53,5012,17,5,False
normal/medium/adaptive/full/astra,2775637598,polish,12,True,122,15236,15,6,False
normal/medium/adaptive/full/astra,2775637599,polish,12,True,122,25670,34,21,False
normal/medium/adaptive/full/astra,2775637600,polish,11,False,89,13419,24,10,False
normal/medium/adaptive/full/astra,2775637601,polish,11,False,89,12745,27,6,False
normal/medium/adaptive/full/astra,2775637602,polish,8,False,53,6098,18,3,False
normal/medium/adaptive/full/astra,2775637603,polish,8,False,53,7434,19,5,False
normal/medium/adaptive/full/astra,2775637604,polish,9,False,63,6877,18,12,False
normal/medium/adaptive/full/astra,2775637605,polish,8,False,53,4373,18,1,False
normal/medium/adaptive/full/astra,2775637606,polish,11,False,89,15224,29,14,False
normal/medium/adaptive/full/astra,2775637607,polish,11,False,89,10554,32,16,False
normal/medium/adaptive/full/astra,2775637608,polish,8,False,53,6414,22,3,False
normal/medium/adaptive/full/astra,2775637609,polish,12,True,122,14493,17,5,False
normal/medium/adaptive/full/astra,2775637610,polish,8,False,53,6998,16,3,False
normal/medium/adaptive/full/astra,2775637611,polish,12,True,122,13859,21,12,False
normal/medium/adaptive/full/astra,2775637612,polish,11,False,89,11891,33,1,False
normal/medium/adaptive/full/astra,2775637613,polish,12,True,122,21527,15,10,False
normal/medium/adaptive/full/astra,2775637614,polish,9,False,63,7042,23,6,False
normal/medium/adaptive/full/astra,2775637615,polish,11,False,89,13240,35,17,False
normal/medium/adaptive/full/astra,2775637616,polish,10,False,76,9314,25,10,False
normal/medium/adaptive/full/astra,2775637617,polish,12,True,122,15907,26,4,False
normal/medium/adaptive/full/astra,2775637618,polish,11,False,89,13391,23,5,False
normal/medium/adaptive/full/astra,2775637619,polish,5,False,26,3680,9,2,False
normal/medium/adaptive/full/astra,2775637620,polish,12,True,122,11530,23,5,False
normal/medium/adaptive/full/astra,2775637621,polish,8,False,53,6008,13,5,False
normal/medium/adaptive/full/astra,2775637622,polish,8,False,53,6298,17,5,False
normal/medium/adaptive/full/astra,2775637623,polish,7,False,43,4648,17,11,False
normal/medium/adaptive/full/astra,2775637624,polish,11,False,89,12569,25,18,False
normal/medium/adaptive/full/astra,2775637625,polish,5,False,26,1767,10,5,False
normal/medium/adaptive/full/astra,2775637626,polish,11,False,89,16235,25,15,False
normal/medium/adaptive/full/astra,2775637627,polish,8,False,53,7961,22,15,False
normal/medium/adaptive/full/astra,2775637628,polish,11,False,89,15286,27,2,False
normal/medium/adaptive/full/astra,2775637629,polish,10,False,76,9092,23,10,False
normal/medium/adaptive/full/astra,2775637630,polish,11,False,89,20587,27,10,False
normal/medium/adaptive/full/astra,2775637631,polish,8,False,53,7108,14,1,False
normal/medium/adaptive/full/astra,2775637632,polish,12,True,122,12142,23,16,False
normal/medium/adaptive/full/astra,2775637633,polish,7,False,43,3872,17,5,False
normal/medium/adaptive/full/astra,2775637634,polish,12,True,122,13204,30,13,False
normal/medium/adaptive/full/astra,2775637635,polish,11,False,89,12831,28,12,False
normal/medium/adaptive/full/astra,2775637636,polish,12,True,122,13312,22,10,False
normal/medium/adaptive/full/astra,2775637637,polish,10,False,76,8798,22,5,False
normal/medium/adaptive/full/astra,2775637638,polish,12,True,122,18446,25,9,False
normal/medium/adaptive/full/astra,2775637639,polish,11,False,89,11567,22,13,False
normal/medium/adaptive/full/astra,2775637640,polish,11,False,89,11727,26,8,False
normal/medium/adaptive/full/astra,2775637641,polish,10,False,76,10040,28,11,False
normal/medium/adaptive/full/astra,2775637642,polish,11,False,89,11521,24,6,False
normal/medium/adaptive/full/astra,2775637643,polish,8,False,53,10213,19,8,False
normal/medium/adaptive/full/astra,2775637644,polish,11,False,89,22175,33,8,False
normal/medium/adaptive/full/astra,2775637645,polish,8,False,53,6504,17,9,False
normal/medium/adaptive/full/astra,2775637646,polish,11,False,89,14400,25,9,False
normal/medium/adaptive/full/astra,2775637647,polish,11,False,89,10861,27,11,False
normal/medium/adaptive/full/astra,2775637648,polish,8,False,53,4793,20,6,False
normal/medium/adaptive/full/astra,2775637649,polish,12,True,122,15087,20,13,False
normal/medium/adaptive/full/astra,2775637650,polish,9,False,63,6670,20,12,False
normal/medium/adaptive/full/astra,2775637651,polish,11,False,89,11638,35,2,False
normal/medium/adaptive/full/astra,2775637652,polish,6,False,33,3107,18,4,False
normal/medium/adaptive/full/astra,2775637653,polish,8,False,53,6210,17,9,False
normal/medium/adaptive/full/astra,2775637654,polish,10,False,76,9063,28,10,False
normal/medium/adaptive/full/astra,2775637655,polish,11,False,89,15908,33,7,False
normal/medium/adaptive/full/astra,2775637656,polish,12,True,122,13423,24,8,False
normal/medium/adaptive/full/astra,2775637657,polish,11,False,89,16204,27,5,False
normal/medium/adaptive/full/astra,2775637658,polish,9,False,63,10081,17,5,False
normal/medium/adaptive/full/astra,2775637659,polish,12,True,122,12919,27,14,False
normal/medium/adaptive/full/astra,2775637660,polish,9,False,63,8598,17,8,False
normal/medium/adaptive/full/astra,2775637661,polish,12,True,122,13054,19,12,False
normal/medium/adaptive/full/astra,2775637662,polish,8,False,53,4599,18,7,False
normal/medium/adaptive/full/astra,2775637663,polish,8,False,53,5259,19,6,False
normal/medium/adaptive/full/astra,2775637664,polish,11,False,89,13475,22,11,False
normal/medium/adaptive/full/astra,2775637665,polish,8,False,53,6342,15,1,False
normal/medium/adaptive/full/astra,2775637666,polish,12,True,122,14851,17,7,False
normal/medium/adaptive/full/astra,2775637667,polish,10,False,76,7763,26,17,False
normal/medium/adaptive/full/astra,2775637668,polish,11,False,89,11770,31,17,False
normal/medium/adaptive/full/astra,2775637669,polish,11,False,89,20009,20,2,False
normal/medium/adaptive/full/astra,2775637670,polish,9,False,63,6898,24,13,False
normal/medium/adaptive/full/astra,2775637671,polish,12,True,122,11682,26,13,False
normal/medium/adaptive/full/astra,2775637672,polish,8,False,53,4983,18,9,False
normal/medium/adaptive/full/astra,2775637673,polish,9,False,63,7107,23,16,False
normal/medium/adaptive/full/astra,2775637674,polish,8,False,53,5885,21,16,False
normal/medium/adaptive/full/astra,2775637675,polish,11,False,89,12011,33,16,False
normal/medium/adaptive/full/astra,2775637676,polish,11,False,89,17306,17,9,False
normal/medium/adaptive/full/astra,2775637677,polish,12,True,122,14786,13,4,False
normal/medium/adaptive/full/astra,2775637678,polish,10,False,76,9413,29,19,False
normal/medium/adaptive/full/astra,2775637679,polish,11,False,89,11622,21,12,False
normal/medium/adaptive/full/astra,2775637680,polish,7,False,43,4526,18,9,False
normal/medium/adaptive/full/astra,2775637681,polish,11,False,89,9719,29,19,False
normal/medium/adaptive/full/astra,2775637682,polish,11,False,89,12279,21,20,False
normal/medium/adaptive/full/astra,2775637683,polish,7,False,43,4039,16,3,False
normal/medium/adaptive/full/astra,2775637684,polish,6,False,33,2972,15,6,False
normal/medium/adaptive/full/astra,2775637685,polish,11,False,89,11681,25,13,False
normal/medium/adaptive/full/astra,2775637686,polish,7,False,43,4049,17,2,False
normal/medium/adaptive/full/astra,2775637687,polish,5,False,26,2385,10,1,False
normal/medium/adaptive/full/astra,2775637688,polish,12,True,122,15709,25,11,False
normal/medium/adaptive/full/astra,2775637689,polish,12,True,122,17070,24,9,False
normal/medium/adaptive/full/astra,2775637690,polish,11,False,89,10773,31,4,False
normal/medium/adaptive/full/astra,2775637691,polish,9,False,63,7077,28,10,False
normal/medium/adaptive/full/astra,2775637692,polish,6,False,33,3049,15,6,False
normal/medium/adaptive/full/astra,2775637693,polish,5,False,26,2523,9,1,False
normal/medium/adaptive/full/astra,2775637694,polish,11,False,89,13120,24,12,False
normal/medium/adaptive/full/astra,2775637695,polish,5,False,26,2555,13,3,False
normal/medium/adaptive/full/astra,2775637696,polish,9,False,63,7625,23,4,False
normal/medium/adaptive/full/astra,2775637697,polish,10,False,76,8157,30,8,False
normal/medium/adaptive/full/astra,2775637698,polish,11,False,89,11385,24,12,False
normal/medium/adaptive/full/astra,2775637699,polish,11,False,89,13987,33,3,False
normal/medium/adaptive/full/astra,2775637700,polish,11,False,89,12944,24,21,False
normal/medium/adaptive/full/astra,2775637701,polish,9,False,63,7751,21,12,False
normal/medium/adaptive/full/astra,2775637702,polish,8,False,53,5868,12,12,False
normal/medium/adaptive/full/astra,2775637703,polish,11,False,89,14517,20,10,False
normal/medium/adaptive/full/astra,2775637704,polish,11,False,89,16343,25,10,False
normal/medium/adaptive/full/astra,2775637705,polish,6,False,33,2816,17,4,False
normal/medium/adaptive/full/astra,2775637706,polish,12,True,122,22860,33,14,False
normal/medium/adaptive/full/astra,2775637707,polish,12,True,122,11586,31,24,False
normal/medium/adaptive/full/astra,2775637708,polish,10,False,76,10299,27,1,False
normal/medium/adaptive/full/astra,2775637709,polish,11,False,89,12031,16,2,False
normal/medium/adaptive/full/astra,2775637710,polish,9,False,63,7785,18,4,False
normal/medium/adaptive/full/astra,2775637711,polish,11,False,89,11702,28,5,False
normal/medium/adaptive/full/astra,2775637712,polish,9,False,63,6802,22,21,False
normal/medium/adaptive/full/astra,2775637713,polish,11,False,89,12374,28,14,False
normal/medium/adaptive/full/astra,2775637714,polish,11,False,89,15261,20,11,False
normal/medium/adaptive/full/astra,2775637715,polish,11,False,89,11992,20,6,False
normal/medium/adaptive/full/astra,2775637716,polish,11,False,89,13311,25,12,False
normal/medium/adaptive/full/astra,2775637717,polish,11,False,89,16534,27,3,False
normal/medium/adaptive/full/astra,2775637718,polish,9,False,63,7715,18,5,False
normal/medium/adaptive/full/astra,2775637719,polish,11,False,89,10339,26,13,False
normal/medium/adaptive/full/astra,2775637720,polish,8,False,53,5711,14,5,False
normal/medium/adaptive/full/astra,2775637721,polish,12,True,122,13879,23,10,False
normal/medium/adaptive/full/astra,2775637722,polish,11,False,89,13895,35,8,False
normal/medium/adaptive/full/astra,2775637723,polish,8,False,53,6549,19,5,False
normal/medium/adaptive/full/astra,2775637724,polish,11,False,89,11508,27,15,False
normal/medium/adaptive/full/astra,2775637725,polish,11,False,89,11258,26,9,False
normal/medium/adaptive/full/astra,2775637726,polish,8,False,53,5741,12,9,False
normal/medium/adaptive/full/astra,2775637727,polish,11,False,89,13569,22,18,False
normal/medium/adaptive/full/astra,2775637728,polish,11,False,89,13380,19,1,False
normal/medium/adaptive/full/astra,2775637729,polish,5,False,26,1919,12,3,False
normal/medium/adaptive/full/astra,2775637730,polish,11,False,89,15525,16,15,False
normal/medium/adaptive/full/astra,2775637731,polish,8,False,53,5939,23,10,False
normal/medium/adaptive/full/astra,2775637732,polish,11,False,89,11389,24,10,False
normal/medium/adaptive/full/astra,2775637733,polish,8,False,53,5621,18,11,False
normal/medium/adaptive/full/astra,2775637734,polish,6,False,33,3370,15,1,False
normal/medium/adaptive/full/astra,2775637735,polish,11,False,89,10517,26,18,False
normal/medium/adaptive/full/astra,2775637736,polish,12,True,122,14658,24,6,False
normal/medium/adaptive/full/astra,2775637737,polish,12,True,122,11176,28,10,False
normal/medium/adaptive/full/astra,2775637738,polish,12,True,122,17695,20,5,False
normal/medium/adaptive/full/astra,2775637739,polish,11,False,89,13299,32,17,False
normal/medium/adaptive/full/astra,2775637740,polish,11,False,89,13297,28,20,False
normal/medium/adaptive/full/astra,2775637741,polish,11,False,89,16202,19,11,False
normal/medium/adaptive/full/astra,2775637742,polish,8,False,53,4848,23,10,False
normal/medium/adaptive/full/astra,2775637743,polish,11,False,89,12200,31,5,False
normal/medium/adaptive/full/astra,2775637744,polish,12,True,122,13268,20,10,False
normal/medium/adaptive/full/astra,2775637745,polish,12,True,122,14868,33,3,False
normal/medium/adaptive/full/astra,2775637746,polish,8,False,53,6158,19,8,False
normal/medium/adaptive/full/astra,2775637747,polish,10,False,76,9384,29,8,False
normal/medium/adaptive/full/astra,2775637748,polish,12,True,122,14305,21,9,False
normal/medium/adaptive/full/astra,2775637749,polish,11,False,89,11193,29,5,False
normal/medium/adaptive/full/astra,2775637750,polish,11,False,89,11206,25,12,False
normal/medium/adaptive/full/astra,2775637751,polish,11,False,89,12948,34,16,False
normal/medium/adaptive/full/astra,2775637752,polish,12,True,122,15815,27,9,False
normal/medium/adaptive/full/astra,2775637753,polish,12,True,122,15720,22,15,False
normal/medium/adaptive/full/astra,2775637754,polish,11,False,89,11728,23,15,False
normal/medium/adaptive/full/astra,2775637755,polish,11,False,89,10988,28,6,False
normal/medium/adaptive/full/astra,2775637756,polish,6,False,33,2812,13,3,False
normal/medium/adaptive/full/astra,2775637757,polish,10,False,76,8691,25,3,False
normal/medium/adaptive/full/astra,2775637758,polish,8,False,53,6377,19,9,False
normal/medium/adaptive/full/astra,2775637759,polish,9,False,63,7132,23,6,False
normal/medium/adaptive/full/astra,2775637760,polish,8,False,53,5611,22,8,False
normal/medium/adaptive/full/astra,2775637761,polish,11,False,89,12296,23,7,False
normal/medium/adaptive/full/astra,2775637762,polish,10,False,76,8715,31,11,False
normal/medium/adaptive/full/astra,2775637763,polish,11,False,89,14751,24,8,False
normal/medium/adaptive/full/astra,2775637764,polish,12,True,122,14882,15,9,False
normal/medium/adaptive/full/astra,2775637765,polish,11,False,89,12334,26,7,False
normal/medium/adaptive/full/astra,2775637766,polish,9,False,63,6881,25,15,False
normal/medium/adaptive/full/astra,2775637767,polish,8,False,53,5014,19,10,False
normal/medium/adaptive/full/astra,2775637768,polish,11,False,89,12280,27,8,False
normal/medium/adaptive/full/astra,2775637769,polish,6,False,33,2850,15,2,False
normal/medium/adaptive/full/astra,2775637770,polish,12,True,122,15563,33,19,False
normal/medium/adaptive/full/astra,2775637771,polish,7,False,43,3981,15,8,False
normal/medium/adaptive/full/astra,2775637772,polish,11,False,89,11311,26,13,False
normal/medium/adaptive/full/astra,2775637773,polish,6,False,33,5076,12,2,False
normal/medium/adaptive/full/astra,2775637774,polish,6,False,33,3283,14,2,False
normal/medium/adaptive/full/astra,2775637775,polish,12,True,122,15529,21,7,False
normal/medium/adaptive/full/astra,2775637776,polish,11,False,89,17395,19,7,False
normal/medium/adaptive/full/astra,2775637777,polish,7,False,43,4148,17,1,False
normal/medium/adaptive/full/astra,2775637778,polish,5,False,26,2489,12,6,False
normal/medium/adaptive/full/astra,2775637779,polish,10,False,76,9041,28,12,False
normal/medium/adaptive/full/astra,2775637780,polish,12,True,122,12562,25,10,False
normal/medium/adaptive/full/astra,2775637781,polish,7,False,43,4015,15,5,False
normal/medium/adaptive/full/astra,2775637782,polish,11,False,89,14243,25,16,False
normal/medium/adaptive/full/astra,2775637783,polish,8,False,53,4845,19,2,False
normal/medium/adaptive/full/astra,2775637784,polish,11,False,89,11408,19,5,False
normal/medium/adaptive/full/astra,2775637785,polish,11,False,89,18976,19,3,False
normal/medium/adaptive/full/astra,2775637786,polish,7,False,43,3723,18,4,False
normal/medium/adaptive/full/astra,2775637787,polish,9,False,63,10428,17,4,False
normal/medium/adaptive/full/astra,2775637788,polish,11,False,89,11022,27,8,False
normal/medium/adaptive/full/astra,2775637789,polish,12,True,122,15343,15,9,False
normal/medium/adaptive/full/astra,2775637790,polish,12,True,122,14393,27,12,False
normal/medium/adaptive/full/astra,2775637791,polish,11,False,89,13394,25,12,False
normal/medium/adaptive/full/astra,2775637792,polish,12,True,122,14674,22,14,False
normal/medium/adaptive/full/astra,2775637793,polish,5,False,26,2582,10,3,False
normal/medium/adaptive/full/astra,2775637794,polish,8,False,53,6402,13,3,False
normal/medium/adaptive/full/astra,2775637795,polish,8,False,53,5785,13,4,False
normal/medium/adaptive/full/astra,2775637796,polish,8,False,53,6187,14,0,False
normal/medium/adaptive/full/astra,2775637797,polish,8,False,53,5656,15,2,False
normal/medium/adaptive/full/astra,2775637798,polish,11,False,89,12905,27,12,False
normal/medium/adaptive/full/astra,2775637799,polish,8,False,53,6255,15,9,False
normal/medium/adaptive/full/astra,2775637800,polish,10,False,76,10009,22,11,False
normal/medium/adaptive/full/astra,2775637801,polish,8,False,53,4579,17,4,False
normal/medium/adaptive/full/astra,2775637802,polish,12,True,122,13580,29,11,False
normal/medium/adaptive/full/astra,2775637803,polish,11,False,89,11811,27,9,False
normal/medium/adaptive/full/astra,2775637804,polish,9,False,63,7100,22,4,False
normal/medium/adaptive/full/astra,2775637805,polish,7,False,43,3857,15,3,False
normal/medium/adaptive/full/astra,2775637806,polish,9,False,63,7459,21,7,False
normal/medium/adaptive/full/astra,2775637807,polish,8,False,53,6010,16,6,False
normal/medium/adaptive/full/astra,2775637808,polish,11,False,89,16263,26,21,False
normal/medium/adaptive/full/astra,2775637809,polish,9,False,63,7191,21,15,False
normal/medium/adaptive/full/astra,2775637810,polish,9,False,63,8178,17,14,False
normal/medium/adaptive/full/astra,2775637811,polish,8,False,53,5287,15,9,False
normal/medium/adaptive/full/astra,2775637812,polish,8,False,53,6114,17,3,False
normal/medium/adaptive/full/astra,2775637813,polish,10,False,76,8800,27,5,False
normal/medium/adaptive/full/astra,2775637814,polish,10,False,76,13852,16,14,False
normal/medium/adaptive/full/astra,2775637815,polish,9,False,63,12598,17,7,False
normal/medium/adaptive/full/astra,2775637816,polish,9,False,63,12908,18,9,False
normal/medium/adaptive/full/astra,2775637817,polish,11,False,89,10555,26,4,False
normal/medium/adaptive/full/astra,2775637818,polish,11,False,89,11419,18,17,False
normal/medium/adaptive/full/astra,2775637819,polish,11,False,89,21845,27,11,False
normal/medium/adaptive/full/astra,2775637820,polish,8,False,53,8405,14,8,False
normal/medium/adaptive/full/astra,2775637821,polish,10,False,76,9081,21,6,False
normal/medium/adaptive/full/astra,2775637822,polish,5,False,26,2020,10,3,False
normal/medium/adaptive/full/astra,2775637823,polish,11,False,89,11435,35,9,False
normal/medium/adaptive/full/astra,2775637824,polish,9,False,63,6505,24,10,False
normal/medium/adaptive/full/astra,2775637825,polish,8,False,53,6777,18,3,False
normal/medium/adaptive/full/astra,2775637826,polish,11,False,89,12898,20,6,False
normal/medium/adaptive/full/astra,2775637827,polish,10,False,76,9655,25,17,False
normal/medium/adaptive/full/astra,2775637828,polish,9,False,63,6681,19,10,False
normal/medium/adaptive/full/astra,2775637829,polish,11,False,89,18298,28,10,False
normal/medium/adaptive/full/astra,2775637830,polish,12,True,122,17155,15,12,False
normal/medium/adaptive/full/astra,2775637831,polish,11,False,89,10844,26,3,False
normal/medium/adaptive/full/astra,2775637832,polish,8,False,53,7498,18,10,False
normal/medium/adaptive/full/astra,2775637833,polish,7,False,43,5060,18,0,False
normal/medium/adaptive/full/astra,2775637834,polish,8,False,53,5660,17,4,False
normal/medium/adaptive/full/astra,2775637835,polish,12,True,122,13467,21,14,False
normal/medium/adaptive/full/astra,2775637836,polish,12,True,122,11295,24,3,False
normal/medium/adaptive/full/astra,2775637837,polish,11,False,89,13901,19,6,False
normal/medium/adaptive/full/astra,2775637838,polish,11,False,89,12450,24,1,False
normal/medium/adaptive/full/astra,2775637839,polish,7,False,43,5189,13,6,False
normal/medium/adaptive/full/astra,2775637840,polish,11,False,89,17402,28,17,False
normal/medium/adaptive/full/astra,2775637841,polish,12,True,122,14884,24,12,False
normal/medium/adaptive/full/astra,2775637842,polish,11,False,89,12258,26,12,False
normal/medium/adaptive/full/astra,2775637843,polish,12,True,122,13956,32,19,False
normal/medium/adaptive/full/astra,2775637844,polish,8,False,53,5938,17,9,False
normal/medium/adaptive/full/astra,2775637845,polish,11,False,89,11204,27,16,False
normal/medium/adaptive/full/astra,2775637846,polish,10,False,76,9776,29,5,False
normal/medium/adaptive/full/astra,2775637847,polish,12,True,122,12625,18,11,False
normal/medium/adaptive/full/astra,2775637848,polish,12,True,122,11742,21,14,False
normal/medium/adaptive/full/astra,2775637849,polish,8,False,53,6342,18,13,False
normal/medium/adaptive/full/astra,2775637850,polish,11,False,89,10744,32,15,False
normal/medium/adaptive/full/astra,2775637851,polish,8,False,53,5440,18,2,False
normal/medium/adaptive/full/astra,2775637852,polish,5,False,26,2174,10,5,False
normal/medium/adaptive/full/astra,2775637853,polish,11,False,89,11892,19,8,False
normal/medium/adaptive/full/astra,2775637854,polish,11,False,89,13988,23,10,False
normal/medium/adaptive/full/astra,2775637855,polish,12,True,122,12215,22,16,False
normal/medium/adaptive/full/astra,2775637856,polish,11,False,89,10923,23,4,False
normal/medium/adaptive/full/astra,2775637857,polish,12,True,122,15717,28,20,False
normal/medium/adaptive/full/astra,2775637858,polish,11,False,89,14771,29,21,False
normal/medium/adaptive/full/astra,2775637859,polish,11,False,89,14825,33,9,False
normal/medium/adaptive/full/astra,2775637860,polish,11,False,89,11614,26,9,False
normal/medium/adaptive/full/astra,2775637861,polish,12,True,122,14286,25,2,False
normal/medium/adaptive/full/astra,2775637862,polish,11,False,89,12696,22,10,False
normal/medium/adaptive/full/astra,2775637863,polish,12,True,122,12684,24,9,False
normal/medium/adaptive/full/astra,2775637864,polish,10,False,76,9270,21,5,False
normal/medium/adaptive/full/astra,2775637865,polish,7,False,43,3898,13,2,False
normal/medium/adaptive/full/astra,2775637866,polish,10,False,76,9383,20,4,False
normal/medium/adaptive/full/astra,2775637867,polish,11,False,89,11791,21,11,False
normal/medium/adaptive/full/astra,2775637868,polish,11,False,89,17203,27,10,False
normal/medium/adaptive/full/astra,2775637869,polish,8,False,53,7450,18,13,False
normal/medium/adaptive/full/astra,2775637870,polish,12,True,122,13288,25,23,False
normal/medium/adaptive/full/astra,2775637871,polish,5,False,26,2064,11,6,False
normal/medium/adaptive/full/astra,2775637872,polish,7,False,43,3738,14,2,False
normal/medium/adaptive/full/astra,2775637873,polish,9,False,63,6983,25,5,False
normal/medium/adaptive/full/astra,2775637874,polish,12,True,122,15645,20,3,False
normal/medium/adaptive/full/astra,2775637875,polish,12,True,122,11428,24,14,False
normal/medium/adaptive/full/astra,2775637876,polish,9,False,63,9615,17,13,False
normal/medium/adaptive/full/astra,2775637877,polish,10,False,76,13146,32,9,False
normal/medium/adaptive/full/astra,2775637878,polish,12,True,122,14078,30,14,False
normal/medium/adaptive/full/astra,2775637879,polish,12,True,122,13127,24,15,False
normal/medium/adaptive/full/astra,2775637880,polish,7,False,43,3754,16,5,False
normal/medium/adaptive/full/astra,2775637881,polish,5,False,26,2246,10,2,False
normal/medium/adaptive/full/astra,2775637882,polish,12,True,122,18805,17,11,False
normal/medium/adaptive/full/astra,2775637883,polish,8,False,53,7141,15,2,False
normal/medium/adaptive/full/astra,2775637884,polish,11,False,89,14299,19,5,False
normal/medium/adaptive/full/astra,2775637885,polish,11,False,89,12619,27,21,False
normal/medium/adaptive/full/astra,2775637886,polish,9,False,63,11409,21,7,False
normal/medium/adaptive/full/astra,2775637887,polish,8,False,53,5124,23,6,False
normal/medium/adaptive/full/astra,2775637888,polish,8,False,53,5757,20,7,False
normal/medium/adaptive/full/astra,2775637889,polish,12,True,122,18496,15,15,False
normal/medium/adaptive/full/astra,2775637890,polish,12,True,122,11460,28,13,False
normal/medium/adaptive/full/astra,2775637891,polish,12,True,122,13600,18,5,False
normal/medium/adaptive/full/astra,2775637892,polish,10,False,76,9150,25,7,False
normal/medium/adaptive/full/astra,2775637893,polish,8,False,53,6353,20,9,False
normal/medium/adaptive/full/astra,2775637894,polish,12,True,122,19809,22,7,False
normal/medium/adaptive/full/astra,2775637895,polish,10,False,76,13323,26,14,False
normal/medium/adaptive/full/astra,2775637896,polish,8,False,53,6195,12,6,False
normal/medium/adaptive/full/astra,2775637897,polish,11,False,89,11343,23,12,False
normal/medium/adaptive/full/astra,2775637898,polish,12,True,122,12311,21,4,False
normal/medium/adaptive/full/astra,2775637899,polish,11,False,89,9892,27,5,False
normal/medium/adaptive/full/astra,2775637900,polish,11,False,89,13892,22,4,False
normal/medium/adaptive/full/astra,2775637901,polish,8,False,53,5577,21,9,False
normal/medium/adaptive/full/astra,2775637902,polish,11,False,89,14186,21,15,False
normal/medium/adaptive/full/astra,2775637903,polish,10,False,76,9159,23,13,False
normal/medium/adaptive/full/astra,2775637904,polish,8,False,53,4646,18,10,False
normal/medium/adaptive/full/astra,2775637905,polish,11,False,89,14986,28,15,False
normal/medium/adaptive/full/astra,2775637906,polish,10,False,76,8603,27,12,False
normal/medium/adaptive/full/astra,2775637907,polish,12,True,122,12381,32,12,False
normal/medium/adaptive/full/astra,2775637908,polish,12,True,122,13434,24,13,False
normal/medium/adaptive/full/astra,2775637909,polish,12,True,122,14102,28,18,False
normal/medium/adaptive/full/astra,2775637910,polish,7,False,43,4481,12,2,False
normal/medium/adaptive/full/astra,2775637911,polish,6,False,33,2945,12,3,False
normal/medium/adaptive/full/astra,2775637912,polish,9,False,63,7373,19,8,False
normal/medium/adaptive/full/astra,2775637913,polish,12,True,122,12364,26,15,False
normal/medium/adaptive/full/astra,2775637914,polish,11,False,89,19294,37,16,False
normal/medium/adaptive/full/astra,2775637915,polish,8,False,53,6714,17,6,False
normal/medium/adaptive/full/astra,2775637916,polish,12,True,122,14117,17,10,False
normal/medium/adaptive/full/astra,2775637917,polish,11,False,89,12968,29,6,False
normal/medium/adaptive/full/astra,2775637918,polish,12,True,122,14966,21,12,False
normal/medium/adaptive/full/astra,2775637919,polish,9,False,63,7274,20,9,False
normal/medium/adaptive/full/astra,2775637920,polish,10,False,76,10595,21,4,False
normal/medium/adaptive/full/astra,2775637921,polish,11,False,89,13876,17,4,False
normal/medium/adaptive/full/astra,2775637922,polish,10,False,76,13990,19,10,False
normal/medium/adaptive/full/astra,2775637923,polish,12,True,122,13846,18,9,False
normal/medium/adaptive/full/astra,2775637924,polish,12,True,122,16351,38,9,False
normal/medium/adaptive/full/astra,2775637925,polish,12,True,122,13438,23,19,False
normal/medium/adaptive/full/astra,2775637926,polish,11,False,89,14588,31,7,False
normal/medium/adaptive/full/astra,2775637927,polish,12,True,122,12506,27,21,False
normal/medium/adaptive/full/astra,2775637928,polish,12,True,122,16636,22,13,False
normal/medium/adaptive/full/astra,2775637929,polish,11,False,89,10905,22,16,False
normal/medium/adaptive/full/astra,2775637930,polish,8,False,53,9561,23,9,False
normal/medium/adaptive/full/astra,2775637931,polish,11,False,89,11229,27,6,False
normal/medium/adaptive/full/astra,2775637932,polish,11,False,89,13362,26,10,False
normal/medium/adaptive/full/astra,2775637933,polish,5,False,26,2411,14,4,False
normal/medium/adaptive/full/astra,2775637934,polish,6,False,33,2827,16,6,False
normal/medium/adaptive/full/astra,2775637935,polish,11,False,89,14688,28,9,False
normal/medium/adaptive/full/astra,2775637936,polish,12,True,122,12927,21,8,False
normal/medium/adaptive/full/astra,2775637937,polish,12,True,122,18152,14,3,False
normal/medium/adaptive/full/astra,2775637938,polish,10,False,76,12458,22,9,False
normal/medium/adaptive/full/astra,2775637939,polish,12,True,122,13699,21,11,False
normal/medium/adaptive/full/astra,2775637940,polish,8,False,53,5851,16,10,False
normal/medium/adaptive/full/astra,2775637941,polish,12,True,122,12889,21,14,False
normal/medium/adaptive/full/astra,2775637942,polish,11,False,89,15266,28,1,False
normal/medium/adaptive/full/astra,2775637943,polish,6,False,33,3450,15,7,False
normal/medium/adaptive/full/astra,2775637944,polish,8,False,53,6132,23,2,False
normal/medium/adaptive/full/astra,2775637945,polish,12,True,122,16975,20,4,False
normal/medium/adaptive/full/astra,2775637946,polish,8,False,53,6236,15,3,False
normal/medium/adaptive/full/astra,2775637947,polish,12,True,122,14158,31,8,False
normal/medium/adaptive/full/astra,2775637948,polish,11,False,89,10525,24,7,False
normal/medium/adaptive/full/astra,2775637949,polish,12,True,122,14983,21,5,False
normal/medium/adaptive/full/astra,2775637950,polish,11,False,89,11133,26,14,False
normal/medium/adaptive/full/astra,2775637951,polish,12,True,122,13085,17,6,False
normal/medium/adaptive/full/astra,2775637952,polish,8,False,53,5111,17,6,False
normal/medium/adaptive/full/astra,2775637953,polish,8,False,53,7183,18,7,False
normal/medium/adaptive/full/astra,2775637954,polish,10,False,76,10214,33,15,False
normal/medium/adaptive/full/astra,2775637955,polish,8,False,53,5648,21,9,False
normal/medium/adaptive/full/astra,2775637956,polish,7,False,43,6359,14,5,False
normal/medium/adaptive/full/astra,2775637957,polish,11,False,89,10263,22,15,False
normal/medium/adaptive/full/astra,2775637958,polish,11,False,89,11290,27,5,False
normal/medium/adaptive/full/astra,2775637959,polish,11,False,89,14534,25,15,False
normal/medium/adaptive/full/astra,2775637960,polish,8,False,53,6052,19,5,False
normal/medium/adaptive/full/astra,2775637961,polish,10,False,76,9198,25,8,False
normal/medium/adaptive/full/astra,2775637962,polish,12,True,122,26364,15,7,False
normal/medium/adaptive/full/astra,2775637963,polish,11,False,89,12405,24,17,False
normal/medium/adaptive/full/astra,2775637964,polish,11,False,89,13144,27,0,False
normal/medium/adaptive/full/astra,2775637965,polish,8,False,53,5936,18,8,False
normal/medium/adaptive/full/astra,2775637966,polish,12,True,122,15270,31,8,False
normal/medium/adaptive/full/astra,2775637967,polish,12,True,122,28460,31,8,False
normal/medium/adaptive/full/astra,2775637968,polish,8,False,53,5381,18,7,False
normal/medium/adaptive/full/astra,2775637969,polish,10,False,76,11010,18,8,False
normal/medium/adaptive/full/astra,2775637970,polish,11,False,89,13169,22,8,False
normal/medium/adaptive/full/astra,2775637971,polish,8,False,53,5607,19,2,False
normal/medium/adaptive/full/astra,2775637972,polish,10,False,76,10730,28,10,False
normal/medium/adaptive/full/astra,2775637973,polish,11,False,89,11946,26,15,False
normal/medium/adaptive/full/astra,2775637974,polish,11,False,89,16286,28,9,False
normal/medium/adaptive/full/astra,2775637975,polish,11,False,89,12560,18,7,False
normal/medium/adaptive/full/astra,2775637976,polish,12,True,122,12213,28,3,False
normal/medium/adaptive/full/astra,2775637977,polish,11,False,89,27931,30,6,False
normal/medium/adaptive/full/astra,2775637978,polish,11,False,89,14797,20,11,False
normal/medium/adaptive/full/astra,2775637979,polish,8,False,53,5440,19,6,False
normal/medium/adaptive/full/astra,2775637980,polish,8,False,53,4781,18,7,False
normal/medium/adaptive/full/astra,2775637981,polish,5,False,26,3253,10,4,False
normal/medium/adaptive/full/astra,2775637982,polish,11,False,89,12633,20,11,False
normal/medium/adaptive/full/astra,2775637983,polish,10,False,76,9661,28,10,False
normal/medium/adaptive/full/astra,2775637984,polish,8,False,53,5515,20,12,False
normal/medium/adaptive/full/astra,2775637985,polish,10,False,76,9811,27,6,False
normal/medium/adaptive/full/astra,2775637986,polish,9,False,63,8200,23,9,False
normal/medium/adaptive/full/astra,2775637987,polish,11,False,89,12785,21,4,False
normal/medium/adaptive/full/astra,2775637988,polish,9,False,63,7746,22,7,False
normal/medium/adaptive/full/astra,2775637989,polish,8,False,53,7774,25,11,False
normal/medium/adaptive/full/astra,2775637990,polish,12,True,122,14329,18,7,False
normal/medium/adaptive/full/astra,2775637991,polish,11,False,89,13693,35,16,False
normal/medium/adaptive/full/astra,2775637992,polish,11,False,89,17836,30,16,False
normal/medium/adaptive/full/astra,2775637993,polish,12,True,122,16628,28,9,False
normal/medium/adaptive/full/astra,2775637994,polish,9,False,63,6962,23,2,False
normal/medium/adaptive/full/astra,2775637995,polish,9,False,63,6571,22,7,False
normal/medium/adaptive/full/astra,2775637996,polish,11,False,89,11647,25,5,False
normal/medium/adaptive/full/astra,2775637997,polish,9,False,63,7917,21,6,False
normal/medium/adaptive/full/astra,2775637998,polish,8,False,53,8813,14,7,False
normal/medium/adaptive/full/astra,2775637999,polish,8,False,53,6100,22,0,False
normal/medium/adaptive/full/astra,2775638000,polish,11,False,89,13689,24,15,False
normal/medium/adaptive/full/astra,2775638001,polish,12,True,122,13432,27,12,False
normal/medium/adaptive/full/astra,2775638002,polish,12,True,122,12842,26,17,False
normal/medium/adaptive/full/astra,2775638003,polish,12,True,122,17838,22,7,False
normal/medium/adaptive/full/astra,2775638004,polish,12,True,122,18599,30,19,False
normal/medium/adaptive/full/astra,2775638005,polish,5,False,26,2456,9,4,False
normal/medium/adaptive/full/astra,2775638006,polish,8,False,53,6789,13,4,False
normal/medium/adaptive/full/astra,2775638007,polish,11,False,89,10793,16,7,False
normal/medium/adaptive/full/astra,2775638008,polish,8,False,53,6066,16,4,False
normal/medium/adaptive/full/astra,2775638009,polish,11,False,89,12085,22,14,False
normal/medium/adaptive/full/astra,2775638010,polish,10,False,76,8839,28,11,False
normal/medium/adaptive/full/astra,2775638011,polish,8,False,53,6281,20,19,False
normal/medium/adaptive/full/astra,2775638012,polish,12,True,122,16955,19,3,False
normal/medium/adaptive/full/astra,2775638013,polish,8,False,53,7966,22,4,False
normal/medium/adaptive/full/astra,2775638014,polish,9,False,63,8343,31,13,False
normal/medium/adaptive/full/astra,2775638015,polish,12,True,122,19470,18,3,False
normal/medium/adaptive/full/astra,2775638016,polish,7,False,43,4240,15,6,False
normal/medium/adaptive/full/astra,2775638017,polish,12,True,122,14191,20,12,False
normal/medium/adaptive/full/astra,2775638018,polish,8,False,53,5178,17,10,False
normal/medium/adaptive/full/astra,2775638019,polish,11,False,89,11691,27,19,False
normal/medium/adaptive/full/astra,2775638020,polish,5,False,26,2696,10,1,False
normal/medium/adaptive/full/astra,2775638021,polish,11,False,89,13810,17,10,False
normal/medium/adaptive/full/astra,2775638022,polish,12,True,122,13397,28,12,False
normal/medium/adaptive/full/astra,2775638023,polish,8,False,53,8754,14,7,False
normal/medium/adaptive/full/astra,2775638024,polish,11,False,89,12124,21,16,False
normal/medium/adaptive/full/astra,2775638025,polish,9,False,63,8588,16,5,False
normal/medium/adaptive/full/astra,2775638026,polish,12,True,122,14436,15,8,False
normal/medium/adaptive/full/astra,2775638027,polish,11,False,89,13410,21,11,False
normal/medium/adaptive/full/astra,2775638028,polish,12,True,122,13065,21,8,False
normal/medium/adaptive/full/astra,2775638029,polish,5,False,26,3569,9,7,False
normal/medium/adaptive/full/astra,2775638030,polish,10,False,76,10549,31,16,False
normal/medium/adaptive/full/astra,2775638031,polish,11,False,89,24178,25,19,False
normal/medium/adaptive/full/astra,2775638032,polish,11,False,89,15440,27,13,False
normal/medium/adaptive/full/astra,2775638033,polish,5,False,26,2173,10,9,False
normal/medium/adaptive/full/astra,2775638034,polish,12,True,122,27849,16,7,False
normal/medium/adaptive/full/astra,2775638035,polish,5,False,26,3635,10,2,False
normal/easy/adaptive/full/astra,2775637536,polish,12,True,122,11842,23,5,False
normal/easy/adaptive/full/astra,2775637537,polish,12,True,122,8568,18,1,False
normal/easy/adaptive/full/astra,2775637538,polish,12,True,122,8673,13,3,False
normal/easy/adaptive/full/astra,2775637539,polish,12,True,122,10274,21,2,False
normal/easy/adaptive/full/astra,2775637540,polish,12,True,122,8939,24,9,False
normal/easy/adaptive/full/astra,2775637541,polish,12,True,122,8837,19,4,False
normal/easy/adaptive/full/astra,2775637542,polish,12,True,122,8831,22,1,False
normal/easy/adaptive/full/astra,2775637543,polish,12,True,122,10563,14,6,False
normal/easy/adaptive/full/astra,2775637544,polish,11,False,89,8157,32,14,False
normal/easy/adaptive/full/astra,2775637545,polish,12,True,122,9951,20,9,False
normal/easy/adaptive/full/astra,2775637546,polish,12,True,122,8986,19,8,False
normal/easy/adaptive/full/astra,2775637547,polish,12,True,122,10718,15,3,False
normal/easy/adaptive/full/astra,2775637548,polish,12,True,122,7592,21,9,False
normal/easy/adaptive/full/astra,2775637549,polish,12,True,122,9494,26,7,False
normal/easy/adaptive/full/astra,2775637550,polish,12,True,122,15879,18,1,False
normal/easy/adaptive/full/astra,2775637551,polish,11,False,89,9569,29,4,False
normal/easy/adaptive/full/astra,2775637552,polish,12,True,122,8638,22,16,False
normal/easy/adaptive/full/astra,2775637553,polish,12,True,122,9829,16,4,False
normal/easy/adaptive/full/astra,2775637554,polish,12,True,122,7402,19,3,False
normal/easy/adaptive/full/astra,2775637555,polish,12,True,122,8446,19,4,False
normal/easy/adaptive/full/astra,2775637556,polish,12,True,122,8437,20,5,False
normal/easy/adaptive/full/astra,2775637557,polish,12,True,122,10500,13,3,False
normal/easy/adaptive/full/astra,2775637558,polish,11,False,89,8238,21,3,False
normal/easy/adaptive/full/astra,2775637559,polish,11,False,89,8829,30,6,False
normal/easy/adaptive/full/astra,2775637560,polish,12,True,122,9355,25,10,False
normal/easy/adaptive/full/astra,2775637561,polish,11,False,89,7402,23,14,False
normal/easy/adaptive/full/astra,2775637562,polish,12,True,122,11156,18,8,False
normal/easy/adaptive/full/astra,2775637563,polish,12,True,122,9634,16,5,False
normal/easy/adaptive/full/astra,2775637564,polish,12,True,122,12489,24,4,False
normal/easy/adaptive/full/astra,2775637565,polish,12,True,122,7891,21,2,False
normal/easy/adaptive/full/astra,2775637566,polish,12,True,122,9162,19,4,False
normal/easy/adaptive/full/astra,2775637567,polish,12,True,122,12922,29,5,False
normal/easy/adaptive/full/astra,2775637568,polish,8,False,53,3762,14,11,False
normal/easy/adaptive/full/astra,2775637569,polish,8,False,53,4687,14,7,False
normal/easy/adaptive/full/astra,2775637570,polish,11,False,89,6714,26,11,False
normal/easy/adaptive/full/astra,2775637571,polish,12,True,122,9484,15,6,False
normal/easy/adaptive/full/astra,2775637572,polish,9,False,63,5816,18,3,False
normal/easy/adaptive/full/astra,2775637573,polish,11,False,89,11956,15,8,False
normal/easy/adaptive/full/astra,2775637574,polish,12,True,122,8462,20,6,False
normal/easy/adaptive/full/astra,2775637575,polish,5,False,26,1594,9,2,False
normal/easy/adaptive/full/astra,2775637576,polish,11,False,89,8535,19,11,False
normal/easy/adaptive/full/astra,2775637577,polish,12,True,122,9866,26,8,False
normal/easy/adaptive/full/astra,2775637578,polish,11,False,89,7548,25,4,False
normal/easy/adaptive/full/astra,2775637579,polish,10,False,76,7733,20,10,False
normal/easy/adaptive/full/astra,2775637580,polish,12,True,122,17647,25,7,False
normal/easy/adaptive/full/astra,2775637581,polish,12,True,122,10440,17,5,False
normal/easy/adaptive/full/astra,2775637582,polish,11,False,89,7173,19,4,False
normal/easy/adaptive/full/astra,2775637583,polish,10,False,76,8376,20,2,False
normal/easy/adaptive/full/astra,2775637584,polish,11,False,89,7155,25,3,False
normal/easy/adaptive/full/astra,2775637585,polish,12,True,122,30637,23,12,False
normal/easy/adaptive/full/astra,2775637586,polish,9,False,63,4974,19,6,False
normal/easy/adaptive/full/astra,2775637587,polish,12,True,122,9612,20,11,False
normal/easy/adaptive/full/astra,2775637588,polish,12,True,122,10000,24,6,False
normal/easy/adaptive/full/astra,2775637589,polish,12,True,122,9969,15,2,False
normal/easy/adaptive/full/astra,2775637590,polish,11,False,89,6962,22,5,False
normal/easy/adaptive/full/astra,2775637591,polish,12,True,122,10554,27,1,False
normal/easy/adaptive/full/astra,2775637592,polish,12,True,122,10436,17,8,False
normal/easy/adaptive/full/astra,2775637593,polish,7,False,43,2462,14,0,False
normal/easy/adaptive/full/astra,2775637594,polish,11,False,89,14796,18,12,False
normal/easy/adaptive/full/astra,2775637595,polish,12,True,122,10820,12,7,False
normal/easy/adaptive/full/astra,2775637596,polish,12,True,122,8838,16,11,False
normal/easy/adaptive/full/astra,2775637597,polish,8,False,53,4190,14,5,False
normal/easy/adaptive/full/astra,2775637598,polish,12,True,122,13160,13,6,False
normal/easy/adaptive/full/astra,2775637599,polish,12,True,122,37376,28,12,False
normal/easy/adaptive/full/astra,2775637600,polish,12,True,122,11651,19,8,False
normal/easy/adaptive/full/astra,2775637601,polish,12,True,122,9474,19,5,False
normal/easy/adaptive/full/astra,2775637602,polish,8,False,53,4503,13,4,False
normal/easy/adaptive/full/astra,2775637603,polish,8,False,53,4864,16,5,False
normal/easy/adaptive/full/astra,2775637604,polish,9,False,63,4535,15,6,False
normal/easy/adaptive/full/astra,2775637605,polish,8,False,53,4175,15,0,False
normal/easy/adaptive/full/astra,2775637606,polish,12,True,122,12515,24,13,False
normal/easy/adaptive/full/astra,2775637607,polish,11,False,89,7732,21,4,False
normal/easy/adaptive/full/astra,2775637608,polish,8,False,53,3991,18,3,False
normal/easy/adaptive/full/astra,2775637609,polish,12,True,122,9699,13,4,False
normal/easy/adaptive/full/astra,2775637610,polish,9,False,63,7178,16,3,False
normal/easy/adaptive/full/astra,2775637611,polish,12,True,122,10002,16,10,False
normal/easy/adaptive/full/astra,2775637612,polish,12,True,122,7466,22,1,False
normal/easy/adaptive/full/astra,2775637613,polish,12,True,122,21477,13,7,False
normal/easy/adaptive/full/astra,2775637614,polish,11,False,89,6449,21,2,False
normal/easy/adaptive/full/astra,2775637615,polish,11,False,89,9622,28,14,False
normal/easy/adaptive/full/astra,2775637616,polish,11,False,89,7818,23,12,False
normal/easy/adaptive/full/astra,2775637617,polish,12,True,122,9914,17,2,False
normal/easy/adaptive/full/astra,2775637618,polish,12,True,122,7742,19,3,False
normal/easy/adaptive/full/astra,2775637619,polish,9,False,63,6114,18,6,False
normal/easy/adaptive/full/astra,2775637620,polish,12,True,122,15994,13,1,False
normal/easy/adaptive/full/astra,2775637621,polish,8,False,53,5108,12,3,False
normal/easy/adaptive/full/astra,2775637622,polish,12,True,122,13368,18,8,False
normal/easy/adaptive/full/astra,2775637623,polish,12,True,122,7957,22,11,False
normal/easy/adaptive/full/astra,2775637624,polish,11,False,89,7100,24,5,False
normal/easy/adaptive/full/astra,2775637625,polish,12,True,122,7662,22,9,False
normal/easy/adaptive/full/astra,2775637626,polish,12,True,122,11098,18,14,False
normal/easy/adaptive/full/astra,2775637627,polish,9,False,63,4946,21,4,False
normal/easy/adaptive/full/astra,2775637628,polish,12,True,122,9654,18,0,False
normal/easy/adaptive/full/astra,2775637629,polish,10,False,76,5474,17,5,False
normal/easy/adaptive/full/astra,2775637630,polish,11,False,89,15647,27,8,False
normal/easy/adaptive/full/astra,2775637631,polish,8,False,53,5731,13,1,False
normal/easy/adaptive/full/astra,2775637632,polish,12,True,122,9307,19,12,False
normal/easy/adaptive/full/astra,2775637633,polish,10,False,76,5521,23,11,False
normal/easy/adaptive/full/astra,2775637634,polish,12,True,122,7572,22,4,False
normal/easy/adaptive/full/astra,2775637635,polish,12,True,122,10372,18,4,False
normal/easy/adaptive/full/astra,2775637636,polish,11,False,89,7027,20,6,False
normal/easy/adaptive/full/astra,2775637637,polish,12,True,122,8975,22,6,False
normal/easy/adaptive/full/astra,2775637638,polish,12,True,122,7794,24,9,False
normal/easy/adaptive/full/astra,2775637639,polish,11,False,89,9715,20,9,False
normal/easy/adaptive/full/astra,2775637640,polish,11,False,89,8147,21,3,False
normal/easy/adaptive/full/astra,2775637641,polish,12,True,122,10693,24,12,False
normal/easy/adaptive/full/astra,2775637642,polish,11,False,89,8117,20,4,False
normal/easy/adaptive/full/astra,2775637643,polish,8,False,53,5459,15,6,False
normal/easy/adaptive/full/astra,2775637644,polish,12,True,122,18404,29,6,False
normal/easy/adaptive/full/astra,2775637645,polish,8,False,53,7035,15,8,False
normal/easy/adaptive/full/astra,2775637646,polish,11,False,89,10047,20,8,False
normal/easy/adaptive/full/astra,2775637647,polish,11,False,89,11334,19,11,False
normal/easy/adaptive/full/astra,2775637648,polish,8,False,53,3900,16,5,False
normal/easy/adaptive/full/astra,2775637649,polish,12,True,122,8584,13,7,False
normal/easy/adaptive/full/astra,2775637650,polish,10,False,76,6531,17,10,False
normal/easy/adaptive/full/astra,2775637651,polish,12,True,122,9271,27,4,False
normal/easy/adaptive/full/astra,2775637652,polish,11,False,89,7432,26,16,False
normal/easy/adaptive/full/astra,2775637653,polish,10,False,76,7389,17,7,False
normal/easy/adaptive/full/astra,2775637654,polish,12,True,122,8246,25,7,False
normal/easy/adaptive/full/astra,2775637655,polish,11,False,89,8846,25,6,False
normal/easy/adaptive/full/astra,2775637656,polish,12,True,122,10060,18,9,False
normal/easy/adaptive/full/astra,2775637657,polish,12,True,122,8807,19,4,False
normal/easy/adaptive/full/astra,2775637658,polish,9,False,63,8674,15,5,False
normal/easy/adaptive/full/astra,2775637659,polish,12,True,122,9227,19,8,False
normal/easy/adaptive/full/astra,2775637660,polish,12,True,122,10308,23,8,False
normal/easy/adaptive/full/astra,2775637661,polish,12,True,122,9017,15,9,False
normal/easy/adaptive/full/astra,2775637662,polish,11,False,89,6364,24,3,False
normal/easy/adaptive/full/astra,2775637663,polish,12,True,122,8634,23,6,False
normal/easy/adaptive/full/astra,2775637664,polish,12,True,122,9648,16,10,False
normal/easy/adaptive/full/astra,2775637665,polish,12,True,122,10224,24,1,False
normal/easy/adaptive/full/astra,2775637666,polish,12,True,122,14101,15,6,False
normal/easy/adaptive/full/astra,2775637667,polish,12,True,122,8943,17,17,False
normal/easy/adaptive/full/astra,2775637668,polish,12,True,122,8852,25,12,False
normal/easy/adaptive/full/astra,2775637669,polish,12,True,122,17757,17,0,False
normal/easy/adaptive/full/astra,2775637670,polish,12,True,122,8058,24,15,False
normal/easy/adaptive/full/astra,2775637671,polish,12,True,122,8299,22,8,False
normal/easy/adaptive/full/astra,2775637672,polish,8,False,53,4033,15,10,False
normal/easy/adaptive/full/astra,2775637673,polish,9,False,63,4577,18,10,False
normal/easy/adaptive/full/astra,2775637674,polish,12,True,122,7634,23,13,False
normal/easy/adaptive/full/astra,2775637675,polish,12,True,122,10100,27,16,False
normal/easy/adaptive/full/astra,2775637676,polish,12,True,122,15242,17,6,False
normal/easy/adaptive/full/astra,2775637677,polish,12,True,122,14786,13,4,False
normal/easy/adaptive/full/astra,2775637678,polish,11,False,89,6969,26,11,False
normal/easy/adaptive/full/astra,2775637679,polish,11,False,89,8298,16,9,False
normal/easy/adaptive/full/astra,2775637680,polish,7,False,43,3753,14,5,False
normal/easy/adaptive/full/astra,2775637681,polish,11,False,89,6412,23,10,False
normal/easy/adaptive/full/astra,2775637682,polish,12,True,122,10031,16,10,False
normal/easy/adaptive/full/astra,2775637683,polish,12,True,122,8516,16,4,False
normal/easy/adaptive/full/astra,2775637684,polish,12,True,122,7305,22,11,False
normal/easy/adaptive/full/astra,2775637685,polish,11,False,89,7314,23,7,False
normal/easy/adaptive/full/astra,2775637686,polish,12,True,122,8652,27,2,False
normal/easy/adaptive/full/astra,2775637687,polish,11,False,89,7925,22,5,False
normal/easy/adaptive/full/astra,2775637688,polish,12,True,122,9692,20,11,False
normal/easy/adaptive/full/astra,2775637689,polish,12,True,122,10566,20,3,False
normal/easy/adaptive/full/astra,2775637690,polish,11,False,89,8175,22,1,False
normal/easy/adaptive/full/astra,2775637691,polish,11,False,89,9819,30,10,False
normal/easy/adaptive/full/astra,2775637692,polish,12,True,122,8725,19,10,False
normal/easy/adaptive/full/astra,2775637693,polish,5,False,26,2227,9,0,False
normal/easy/adaptive/full/astra,2775637694,polish,11,False,89,9637,22,11,False
normal/easy/adaptive/full/astra,2775637695,polish,10,False,76,5304,26,11,False
normal/easy/adaptive/full/astra,2775637696,polish,11,False,89,7632,27,1,False
normal/easy/adaptive/full/astra,2775637697,polish,12,True,122,7897,23,4,False
normal/easy/adaptive/full/astra,2775637698,polish,12,True,122,7634,15,4,False
normal/easy/adaptive/full/astra,2775637699,polish,12,True,122,8613,22,13,False
normal/easy/adaptive/full/astra,2775637700,polish,12,True,122,9937,18,20,False
normal/easy/adaptive/full/astra,2775637701,polish,9,False,63,5081,18,4,False
normal/easy/adaptive/full/astra,2775637702,polish,8,False,53,5874,12,12,False
normal/easy/adaptive/full/astra,2775637703,polish,12,True,122,11179,16,5,False
normal/easy/adaptive/full/astra,2775637704,polish,11,False,89,7103,18,8,False
normal/easy/adaptive/full/astra,2775637705,polish,12,True,122,10485,19,11,False
normal/easy/adaptive/full/astra,2775637706,polish,12,True,122,8987,22,8,False
normal/easy/adaptive/full/astra,2775637707,polish,12,True,122,8419,23,18,False
normal/easy/adaptive/full/astra,2775637708,polish,12,True,122,10949,29,1,False
normal/easy/adaptive/full/astra,2775637709,polish,11,False,89,10301,15,2,False
normal/easy/adaptive/full/astra,2775637710,polish,12,True,122,8857,20,7,False
normal/easy/adaptive/full/astra,2775637711,polish,12,True,122,7529,19,4,False
normal/easy/adaptive/full/astra,2775637712,polish,12,True,122,8404,26,17,False
normal/easy/adaptive/full/astra,2775637713,polish,11,False,89,9403,23,7,False
normal/easy/adaptive/full/astra,2775637714,polish,11,False,89,10695,16,6,False
normal/easy/adaptive/full/astra,2775637715,polish,12,True,122,8651,14,4,False
normal/easy/adaptive/full/astra,2775637716,polish,9,False,63,6154,15,6,False
normal/easy/adaptive/full/astra,2775637717,polish,12,True,122,11025,21,3,False
normal/easy/adaptive/full/astra,2775637718,polish,11,False,89,8099,22,4,False
normal/easy/adaptive/full/astra,2775637719,polish,11,False,89,8976,19,12,False
normal/easy/adaptive/full/astra,2775637720,polish,12,True,122,13091,18,6,False
normal/easy/adaptive/full/astra,2775637721,polish,12,True,122,9989,18,5,False
normal/easy/adaptive/full/astra,2775637722,polish,12,True,122,10184,27,4,False
normal/easy/adaptive/full/astra,2775637723,polish,11,False,89,7282,22,6,False
normal/easy/adaptive/full/astra,2775637724,polish,12,True,122,9683,19,11,False
normal/easy/adaptive/full/astra,2775637725,polish,12,True,122,10038,22,7,False
normal/easy/adaptive/full/astra,2775637726,polish,11,False,89,9284,23,10,False
normal/easy/adaptive/full/astra,2775637727,polish,12,True,122,10430,18,15,False
normal/easy/adaptive/full/astra,2775637728,polish,11,False,89,10748,18,1,False
normal/easy/adaptive/full/astra,2775637729,polish,11,False,89,7967,30,18,False
normal/easy/adaptive/full/astra,2775637730,polish,12,True,122,16294,15,13,False
normal/easy/adaptive/full/astra,2775637731,polish,12,True,122,7873,31,12,False
normal/easy/adaptive/full/astra,2775637732,polish,12,True,122,9796,23,11,False
normal/easy/adaptive/full/astra,2775637733,polish,12,True,122,8907,18,10,False
normal/easy/adaptive/full/astra,2775637734,polish,11,False,89,8777,28,6,False
normal/easy/adaptive/full/astra,2775637735,polish,11,False,89,8794,22,8,False
normal/easy/adaptive/full/astra,2775637736,polish,12,True,122,9813,14,7,False
normal/easy/adaptive/full/astra,2775637737,polish,12,True,122,10003,18,7,False
normal/easy/adaptive/full/astra,2775637738,polish,12,True,122,9833,15,3,False
normal/easy/adaptive/full/astra,2775637739,polish,12,True,122,8823,19,11,False
normal/easy/adaptive/full/astra,2775637740,polish,11,False,89,9306,21,13,False
normal/easy/adaptive/full/astra,2775637741,polish,12,True,122,12459,13,3,False
normal/easy/adaptive/full/astra,2775637742,polish,8,False,53,4104,15,5,False
normal/easy/adaptive/full/astra,2775637743,polish,12,True,122,11530,25,5,False
normal/easy/adaptive/full/astra,2775637744,polish,12,True,122,9553,17,7,False
normal/easy/adaptive/full/astra,2775637745,polish,12,True,122,9039,27,2,False
normal/easy/adaptive/full/astra,2775637746,polish,8,False,53,4822,15,6,False
normal/easy/adaptive/full/astra,2775637747,polish,11,False,89,7371,27,6,False
normal/easy/adaptive/full/astra,2775637748,polish,12,True,122,8868,20,3,False
normal/easy/adaptive/full/astra,2775637749,polish,11,False,89,8013,21,4,False
normal/easy/adaptive/full/astra,2775637750,polish,12,True,122,8034,20,11,False
normal/easy/adaptive/full/astra,2775637751,polish,11,False,89,8033,30,9,False
normal/easy/adaptive/full/astra,2775637752,polish,12,True,122,9579,20,12,False
normal/easy/adaptive/full/astra,2775637753,polish,12,True,122,13090,20,16,False
normal/easy/adaptive/full/astra,2775637754,polish,12,True,122,8377,18,11,False
normal/easy/adaptive/full/astra,2775637755,polish,11,False,89,6867,20,2,False
normal/easy/adaptive/full/astra,2775637756,polish,12,True,122,8261,27,6,False
normal/easy/adaptive/full/astra,2775637757,polish,11,False,89,7096,21,2,False
normal/easy/adaptive/full/astra,2775637758,polish,12,True,122,9339,27,14,False
normal/easy/adaptive/full/astra,2775637759,polish,10,False,76,6031,22,2,False
normal/easy/adaptive/full/astra,2775637760,polish,12,True,122,8118,22,7,False
normal/easy/adaptive/full/astra,2775637761,polish,12,True,122,8797,26,12,False
normal/easy/adaptive/full/astra,2775637762,polish,12,True,122,10874,28,11,False
normal/easy/adaptive/full/astra,2775637763,polish,12,True,122,11192,17,8,False
normal/easy/adaptive/full/astra,2775637764,polish,12,True,122,13473,14,9,False
normal/easy/adaptive/full/astra,2775637765,polish,12,True,122,9421,22,8,False
normal/easy/adaptive/full/astra,2775637766,polish,9,False,63,4995,20,11,False
normal/easy/adaptive/full/astra,2775637767,polish,12,True,122,10740,18,9,False
normal/easy/adaptive/full/astra,2775637768,polish,12,True,122,14107,23,2,False
normal/easy/adaptive/full/astra,2775637769,polish,9,False,63,4875,21,6,False
normal/easy/adaptive/full/astra,2775637770,polish,12,True,122,9904,22,14,False
normal/easy/adaptive/full/astra,2775637771,polish,10,False,76,5555,21,5,False
normal/easy/adaptive/full/astra,2775637772,polish,12,True,122,7680,22,9,False
normal/easy/adaptive/full/astra,2775637773,polish,12,True,122,10395,26,10,False
normal/easy/adaptive/full/astra,2775637774,polish,11,False,89,7271,26,2,False
normal/easy/adaptive/full/astra,2775637775,polish,12,True,122,11923,17,7,False
normal/easy/adaptive/full/astra,2775637776,polish,12,True,122,9022,15,7,False
normal/easy/adaptive/full/astra,2775637777,polish,8,False,53,3229,16,0,False
normal/easy/adaptive/full/astra,2775637778,polish,12,True,122,9119,25,11,False
normal/easy/adaptive/full/astra,2775637779,polish,11,False,89,8861,31,5,False
normal/easy/adaptive/full/astra,2775637780,polish,12,True,122,10092,21,10,False
normal/easy/adaptive/full/astra,2775637781,polish,12,True,122,7777,18,3,False
normal/easy/adaptive/full/astra,2775637782,polish,11,False,89,7098,19,4,False
normal/easy/adaptive/full/astra,2775637783,polish,12,True,122,7951,23,2,False
normal/easy/adaptive/full/astra,2775637784,polish,11,False,89,10674,18,4,False
normal/easy/adaptive/full/astra,2775637785,polish,11,False,89,16664,16,3,False
normal/hard/adaptive/full/astra,2775637536,polish,11,False,89,14427,29,7,False
normal/hard/adaptive/full/astra,2775637537,polish,9,False,63,8841,19,5,False
normal/hard/adaptive/full/astra,2775637538,polish,12,True,122,16073,21,5,False
normal/hard/adaptive/full/astra,2775637539,polish,10,False,76,13999,24,2,False
normal/hard/adaptive/full/astra,2775637540,polish,9,False,63,13335,21,7,False
normal/hard/adaptive/full/astra,2775637541,polish,12,True,122,15586,31,4,False
normal/hard/adaptive/full/astra,2775637542,polish,11,False,89,17545,26,19,False
normal/hard/adaptive/full/astra,2775637543,polish,12,True,122,17386,22,8,False
normal/hard/adaptive/full/astra,2775637544,polish,5,False,26,2716,16,4,False
normal/hard/adaptive/full/astra,2775637545,polish,11,False,89,14253,29,12,False
normal/hard/adaptive/full/astra,2775637546,polish,11,False,89,13901,28,16,False
normal/hard/adaptive/full/astra,2775637547,polish,11,False,89,15802,20,4,False
normal/hard/adaptive/full/astra,2775637548,polish,7,False,43,5336,20,1,False
normal/hard/adaptive/full/astra,2775637549,polish,10,False,76,14132,32,10,False
normal/hard/adaptive/full/astra,2775637550,polish,11,False,89,20475,21,4,False
normal/hard/adaptive/full/astra,2775637551,polish,9,False,63,9794,24,3,False
normal/hard/adaptive/full/astra,2775637552,polish,6,False,33,3370,15,5,False
normal/hard/adaptive/full/astra,2775637553,polish,12,True,122,22277,24,9,False
normal/hard/adaptive/full/astra,2775637554,polish,9,False,63,8840,26,3,False
normal/hard/adaptive/full/astra,2775637555,polish,5,False,26,2653,12,2,False
normal/hard/adaptive/full/astra,2775637556,polish,6,False,33,4067,14,4,False
normal/hard/adaptive/full/astra,2775637557,polish,11,False,89,14578,23,9,False
normal/hard/adaptive/full/astra,2775637558,polish,11,False,89,13404,32,5,False
normal/hard/adaptive/full/astra,2775637559,polish,4,False,19,1733,10,1,False
normal/hard/adaptive/full/astra,2775637560,polish,6,False,33,3343,12,6,False
normal/hard/adaptive/full/astra,2775637561,polish,8,False,53,6477,23,9,False
normal/hard/adaptive/full/astra,2775637562,polish,8,False,53,8446,20,9,False
normal/hard/adaptive/full/astra,2775637563,polish,10,False,76,13038,25,9,False
normal/hard/adaptive/full/astra,2775637564,polish,8,False,53,9615,26,11,False
normal/hard/adaptive/full/astra,2775637565,polish,6,False,33,3763,19,2,False
normal/hard/adaptive/full/astra,2775637566,polish,11,False,89,16386,29,5,False
normal/hard/adaptive/full/astra,2775637567,polish,5,False,26,3234,14,3,False
normal/hard/adaptive/full/astra,2775637568,polish,7,False,43,4918,18,7,False
normal/hard/adaptive/full/astra,2775637569,polish,7,False,43,6138,17,6,False
normal/hard/adaptive/full/astra,2775637570,polish,5,False,26,3483,9,3,False
normal/hard/adaptive/full/astra,2775637571,polish,12,True,122,15959,27,10,False
normal/hard/adaptive/full/astra,2775637572,polish,7,False,43,4820,17,4,False
normal/hard/adaptive/full/astra,2775637573,polish,11,False,89,20458,18,12,False
normal/hard/adaptive/full/astra,2775637574,polish,6,False,33,3417,15,6,False
normal/hard/adaptive/full/astra,2775637575,polish,5,False,26,2266,10,4,False
normal/hard/adaptive/full/astra,2775637576,polish,7,False,43,6232,17,3,False
normal/hard/adaptive/full/astra,2775637577,polish,7,False,43,5124,20,7,False
normal/hard/adaptive/full/astra,2775637578,polish,8,False,53,6298,20,4,False
normal/hard/adaptive/full/astra,2775637579,polish,9,False,63,9193,26,16,False
normal/hard/adaptive/full/astra,2775637580,polish,8,False,53,7266,18,8,False
normal/hard/adaptive/full/astra,2775637581,polish,8,False,53,7801,14,4,False
normal/hard/adaptive/full/astra,2775637582,polish,12,True,122,15857,23,10,False
normal/hard/adaptive/full/astra,2775637583,polish,10,False,76,13113,23,14,False
normal/hard/adaptive/full/astra,2775637584,polish,6,False,33,3518,19,3,False
normal/hard/adaptive/full/astra,2775637585,polish,11,False,89,18126,26,7,False
normal/hard/adaptive/full/astra,2775637586,polish,6,False,33,4597,16,7,False
normal/hard/adaptive/full/astra,2775637587,polish,8,False,53,7296,22,11,False
normal/hard/adaptive/full/astra,2775637588,polish,12,True,122,15833,28,9,False
normal/hard/adaptive/full/astra,2775637589,polish,12,True,122,17929,24,4,False
normal/hard/adaptive/full/astra,2775637590,polish,9,False,63,8326,27,4,False
normal/hard/adaptive/full/astra,2775637591,polish,6,False,33,4330,18,0,False
normal/hard/adaptive/full/astra,2775637592,polish,7,False,43,5204,20,14,False
normal/hard/adaptive/full/astra,2775637593,polish,8,False,53,6740,23,5,False
normal/hard/adaptive/full/astra,2775637594,polish,11,False,89,17343,20,17,False
normal/hard/adaptive/full/astra,2775637595,polish,11,False,89,15226,22,16,False
normal/hard/adaptive/full/astra,2775637596,polish,7,False,43,4872,16,6,False
normal/hard/adaptive/full/astra,2775637597,polish,8,False,53,5574,19,6,False
normal/hard/adaptive/full/astra,2775637598,polish,8,False,53,7173,20,6,False
normal/hard/adaptive/full/astra,2775637599,polish,11,False,89,28384,34,23,False
normal/hard/adaptive/full/astra,2775637600,polish,11,False,89,14644,26,11,False
normal/hard/adaptive/full/astra,2775637601,polish,8,False,53,7574,19,5,False
normal/hard/adaptive/full/astra,2775637602,polish,8,False,53,6330,20,4,False
normal/hard/adaptive/full/astra,2775637603,polish,8,False,53,8406,22,9,False
normal/hard/adaptive/full/astra,2775637604,polish,7,False,43,4551,16,9,False
normal/hard/adaptive/full/astra,2775637605,polish,8,False,53,5666,23,1,False
normal/hard/adaptive/full/astra,2775637606,polish,12,True,122,30125,37,18,False
normal/hard/adaptive/full/astra,2775637607,polish,8,False,53,6444,22,11,False
normal/hard/adaptive/full/astra,2775637608,polish,6,False,33,3612,16,3,False
normal/hard/adaptive/full/astra,2775637609,polish,12,True,122,16439,20,5,False
normal/hard/adaptive/full/astra,2775637610,polish,7,False,43,6533,14,3,False
normal/hard/adaptive/full/astra,2775637611,polish,11,False,89,16692,23,13,False
normal/hard/adaptive/full/astra,2775637612,polish,7,False,43,4904,20,2,False
normal/hard/adaptive/full/astra,2775637613,polish,12,True,122,14367,26,18,False
normal/hard/adaptive/full/astra,2775637614,polish,8,False,53,6322,21,5,False
normal/hard/adaptive/full/astra,2775637615,polish,4,False,19,1657,10,3,False
normal/hard/adaptive/full/astra,2775637616,polish,10,False,76,11779,29,12,False
normal/hard/adaptive/full/astra,2775637617,polish,5,False,26,3512,9,3,False
normal/hard/adaptive/full/astra,2775637618,polish,11,False,89,14247,25,5,False
normal/hard/adaptive/full/astra,2775637619,polish,5,False,26,3719,10,2,False
normal/hard/adaptive/full/astra,2775637620,polish,11,False,89,18246,20,6,False
normal/hard/adaptive/full/astra,2775637621,polish,8,False,53,6430,17,6,False
normal/hard/adaptive/full/astra,2775637622,polish,8,False,53,6360,19,5,False
normal/hard/adaptive/full/astra,2775637623,polish,7,False,43,4637,18,11,False
normal/hard/adaptive/full/astra,2775637624,polish,11,False,89,15175,26,19,False
normal/hard/adaptive/full/astra,2775637625,polish,5,False,26,2433,12,11,False
normal/hard/adaptive/full/astra,2775637626,polish,11,False,89,14216,29,20,False
normal/hard/adaptive/full/astra,2775637627,polish,5,False,26,2669,13,4,False
normal/hard/adaptive/full/astra,2775637628,polish,5,False,26,2832,11,2,False
normal/hard/adaptive/full/astra,2775637629,polish,10,False,76,11028,26,13,False
normal/hard/adaptive/full/astra,2775637630,polish,11,False,89,21477,27,12,False
normal/hard/adaptive/full/astra,2775637631,polish,8,False,53,8913,19,1,False
normal/hard/adaptive/full/astra,2775637632,polish,11,False,89,14560,26,21,False
normal/hard/adaptive/full/astra,2775637633,polish,7,False,43,4519,21,8,False
normal/hard/adaptive/full/astra,2775637634,polish,12,True,122,15805,29,15,False
normal/hard/adaptive/full/astra,2775637635,polish,7,False,43,7069,21,7,False
normal/hard/adaptive/full/astra,2775637636,polish,11,False,89,17611,27,11,False
normal/hard/adaptive/full/astra,2775637637,polish,7,False,43,5785,15,3,False
normal/hard/adaptive/full/astra,2775637638,polish,6,False,33,5360,15,8,False
normal/hard/adaptive/full/astra,2775637639,polish,11,False,89,13776,24,13,False
normal/hard/adaptive/full/astra,2775637640,polish,11,False,89,13689,31,8,False
normal/hard/adaptive/full/astra,2775637641,polish,10,False,76,12176,30,13,False
normal/hard/adaptive/full/astra,2775637642,polish,5,False,26,2669,10,3,False
normal/hard/adaptive/full/astra,2775637643,polish,8,False,53,9949,19,9,False
normal/hard/adaptive/full/astra,2775637644,polish,11,False,89,22353,33,8,False
normal/hard/adaptive/full/astra,2775637645,polish,6,False,33,3683,17,11,False
normal/hard/adaptive/full/astra,2775637646,polish,11,False,89,16334,31,14,False
normal/hard/adaptive/full/astra,2775637647,polish,5,False,26,2840,11,2,False
normal/hard/adaptive/full/astra,2775637648,polish,5,False,26,2615,12,7,False
normal/hard/adaptive/full/astra,2775637649,polish,12,True,122,17903,24,12,False
normal/hard/adaptive/full/astra,2775637650,polish,8,False,53,6097,19,9,False
normal/hard/adaptive/full/astra,2775637651,polish,9,False,63,9084,28,3,False
normal/hard/adaptive/full/astra,2775637652,polish,7,False,43,4711,23,5,False
normal/hard/adaptive/full/astra,2775637653,polish,7,False,43,5543,17,10,False
normal/hard/adaptive/full/astra,2775637654,polish,5,False,26,2723,12,3,False
normal/hard/adaptive/full/astra,2775637655,polish,11,False,89,17781,37,9,False
normal/hard/adaptive/full/astra,2775637656,polish,12,True,122,17404,28,11,False
normal/hard/adaptive/full/astra,2775637657,polish,11,False,89,19700,30,5,False
normal/hard/adaptive/full/astra,2775637658,polish,9,False,63,11139,19,11,False
normal/hard/adaptive/full/astra,2775637659,polish,10,False,76,11835,26,13,False
normal/hard/adaptive/full/astra,2775637660,polish,9,False,63,9057,18,9,False
normal/hard/adaptive/full/astra,2775637661,polish,11,False,89,16231,24,15,False
normal/hard/adaptive/full/astra,2775637662,polish,7,False,43,5206,18,2,False
normal/hard/adaptive/full/astra,2775637663,polish,9,False,63,8832,26,7,False
normal/hard/adaptive/full/astra,2775637664,polish,8,False,53,7020,17,12,False
normal/hard/adaptive/full/astra,2775637665,polish,8,False,53,6069,15,1,False
normal/hard/adaptive/full/astra,2775637666,polish,5,False,26,3350,9,6,False
normal/hard/adaptive/full/astra,2775637667,polish,7,False,43,4859,19,13,False
normal/hard/adaptive/full/astra,2775637668,polish,10,False,76,11401,29,17,False
normal/hard/adaptive/full/astra,2775637669,polish,10,False,76,19360,16,3,False
normal/hard/adaptive/full/astra,2775637670,polish,7,False,43,5083,19,9,False
normal/hard/adaptive/full/astra,2775637671,polish,6,False,33,3012,13,4,False
normal/hard/adaptive/full/astra,2775637672,polish,8,False,53,5805,21,13,False
normal/hard/adaptive/full/astra,2775637673,polish,9,False,63,9095,26,21,False
normal/hard/adaptive/full/astra,2775637674,polish,8,False,53,6469,21,17,False
normal/hard/adaptive/full/astra,2775637675,polish,8,False,53,7896,24,13,False
normal/hard/adaptive/full/astra,2775637676,polish,4,False,19,1776,11,5,False
normal/hard/adaptive/full/astra,2775637677,polish,12,True,122,20863,15,4,False
normal/hard/adaptive/full/astra,2775637678,polish,6,False,33,4117,18,13,False
normal/hard/adaptive/full/astra,2775637679,polish,11,False,89,14704,23,13,False
normal/hard/adaptive/full/astra,2775637680,polish,5,False,26,3532,12,4,False
normal/hard/adaptive/full/astra,2775637681,polish,11,False,89,15685,33,24,False
normal/hard/adaptive/full/astra,2775637682,polish,11,False,89,15799,24,23,False
normal/hard/adaptive/full/astra,2775637683,polish,7,False,43,4385,16,5,False
normal/hard/adaptive/full/astra,2775637684,polish,3,False,12,1124,8,2,False
normal/hard/adaptive/full/astra,2775637685,polish,9,False,63,10001,21,11,False
normal/hard/adaptive/full/astra,2775637686,polish,7,False,43,4243,19,2,False
normal/hard/adaptive/full/astra,2775637687,polish,5,False,26,2385,10,1,False
normal/hard/adaptive/full/astra,2775637688,polish,5,False,26,2621,13,6,False
normal/hard/adaptive/full/astra,2775637689,polish,10,False,76,13244,24,11,False
normal/hard/adaptive/full/astra,2775637690,polish,6,False,33,3054,16,4,False
normal/hard/adaptive/full/astra,2775637691,polish,9,False,63,10316,33,14,False
normal/hard/adaptive/full/astra,2775637692,polish,5,False,26,2484,13,6,False
normal/hard/adaptive/full/astra,2775637693,polish,5,False,26,2678,9,3,False
normal/hard/adaptive/full/astra,2775637694,polish,11,False,89,14116,27,15,False
normal/hard/adaptive/full/astra,2775637695,polish,5,False,26,2541,13,4,False
normal/hard/adaptive/full/astra,2775637696,polish,9,False,63,8724,25,8,False
normal/hard/adaptive/full/astra,2775637697,polish,4,False,19,1655,11,2,False
normal/hard/adaptive/full/astra,2775637698,polish,11,False,89,14489,25,12,False
normal/hard/adaptive/full/astra,2775637699,polish,11,False,89,15586,37,3,False
normal/hard/adaptive/full/astra,2775637700,polish,5,False,26,2601,11,9,False
normal/hard/adaptive/full/astra,2775637701,polish,7,False,43,5893,17,8,False
normal/hard/adaptive/full/astra,2775637702,polish,8,False,53,7699,19,14,False
normal/hard/adaptive/full/astra,2775637703,polish,11,False,89,23021,27,13,False
normal/hard/adaptive/full/astra,2775637704,polish,11,False,89,16096,30,16,False
normal/hard/adaptive/full/astra,2775637705,polish,9,False,63,9298,29,19,False
normal/hard/adaptive/full/astra,2775637706,polish,12,True,122,33017,37,18,False
normal/hard/adaptive/full/astra,2775637707,polish,5,False,26,2426,13,9,False
normal/hard/adaptive/full/astra,2775637708,polish,6,False,33,3852,15,4,False
normal/hard/adaptive/full/astra,2775637709,polish,8,False,53,8217,16,10,False
normal/hard/adaptive/full/astra,2775637710,polish,7,False,43,5219,15,3,False
normal/hard/adaptive/full/astra,2775637711,polish,11,False,89,14089,33,13,False
normal/hard/adaptive/full/astra,2775637712,polish,7,False,43,4752,15,16,False
normal/hard/adaptive/full/astra,2775637713,polish,9,False,63,9732,22,7,False
normal/hard/adaptive/full/astra,2775637714,polish,11,False,89,16845,24,13,False
normal/hard/adaptive/full/astra,2775637715,polish,11,False,89,13598,25,6,False
normal/hard/adaptive/full/astra,2775637716,polish,7,False,43,5939,14,5,False
normal/hard/adaptive/full/astra,2775637717,polish,11,False,89,19020,32,3,False
normal/hard/adaptive/full/astra,2775637718,polish,9,False,63,8465,19,5,False
normal/hard/adaptive/full/astra,2775637719,polish,11,False,89,12426,29,16,False
normal/hard/adaptive/full/astra,2775637720,polish,8,False,53,6937,16,7,False
normal/hard/adaptive/full/astra,2775637721,polish,12,True,122,17504,14,12,False
normal/hard/adaptive/full/astra,2775637722,polish,5,False,26,2374,12,6,False
normal/hard/adaptive/full/astra,2775637723,polish,7,False,43,5986,16,5,False
normal/hard/adaptive/full/astra,2775637724,polish,8,False,53,6937,23,8,False
normal/hard/adaptive/full/astra,2775637725,polish,11,False,89,15004,33,15,False
normal/hard/adaptive/full/astra,2775637726,polish,8,False,53,6971,15,9,False
normal/hard/adaptive/full/astra,2775637727,polish,11,False,89,19985,20,17,False
normal/hard/adaptive/full/astra,2775637728,polish,11,False,89,17115,22,2,False
normal/hard/adaptive/full/astra,2775637729,polish,5,False,26,2401,14,6,False
normal/hard/adaptive/full/astra,2775637730,polish,11,False,89,17702,20,15,False
normal/hard/adaptive/full/astra,2775637731,polish,5,False,26,2459,12,2,False
normal/hard/adaptive/full/astra,2775637732,polish,12,True,122,14697,28,18,False
normal/hard/adaptive/full/astra,2775637733,polish,8,False,53,6119,22,12,False
normal/hard/adaptive/full/astra,2775637734,polish,5,False,26,3148,13,5,False
normal/hard/adaptive/full/astra,2775637735,polish,7,False,43,5357,16,12,False
normal/hard/adaptive/full/astra,2775637736,polish,5,False,26,3051,12,6,False
normal/hard/adaptive/full/astra,2775637737,polish,11,False,89,14808,29,14,False
normal/hard/adaptive/full/astra,2775637738,polish,8,False,53,8087,27,11,False
normal/hard/adaptive/full/astra,2775637739,polish,5,False,26,3101,15,2,False
normal/hard/adaptive/full/astra,2775637740,polish,10,False,76,13181,26,16,False
normal/hard/adaptive/full/astra,2775637741,polish,11,False,89,15549,20,10,False
normal/hard/adaptive/full/astra,2775637742,polish,8,False,53,6310,23,9,False
normal/hard/adaptive/full/astra,2775637743,polish,9,False,63,10368,28,4,False
normal/hard/adaptive/full/astra,2775637744,polish,9,False,63,8667,21,11,False
normal/hard/adaptive/full/astra,2775637745,polish,9,False,63,10713,26,2,False
normal/hard/adaptive/full/astra,2775637746,polish,5,False,26,3356,9,4,False
normal/hard/adaptive/full/astra,2775637747,polish,9,False,63,8771,25,16,False
normal/hard/adaptive/full/astra,2775637748,polish,12,True,122,16086,27,9,False
normal/hard/adaptive/full/astra,2775637749,polish,7,False,43,5310,17,2,False
normal/hard/adaptive/full/astra,2775637750,polish,11,False,89,12939,31,19,False
normal/hard/adaptive/full/astra,2775637751,polish,11,False,89,14023,38,18,False
normal/hard/adaptive/full/astra,2775637752,polish,11,False,89,14029,34,20,False
normal/hard/adaptive/full/astra,2775637753,polish,11,False,89,15364,22,16,False
normal/hard/adaptive/full/astra,2775637754,polish,9,False,63,12371,23,12,False
normal/hard/adaptive/full/astra,2775637755,polish,9,False,63,9832,25,9,False
normal/hard/adaptive/full/astra,2775637756,polish,6,False,33,3519,16,4,False
normal/hard/adaptive/full/astra,2775637757,polish,10,False,76,10730,31,3,False
normal/hard/adaptive/full/astra,2775637758,polish,8,False,53,6938,22,12,False
normal/hard/adaptive/full/astra,2775637759,polish,9,False,63,8498,26,7,False
normal/hard/adaptive/full/astra,2775637760,polish,8,False,53,6859,25,8,False
normal/hard/adaptive/full/astra,2775637761,polish,9,False,63,10664,20,8,False
normal/hard/adaptive/full/astra,2775637762,polish,9,False,63,11509,30,11,False
normal/hard/adaptive/full/astra,2775637763,polish,11,False,89,15445,26,11,False
normal/hard/adaptive/full/astra,2775637764,polish,12,True,122,26096,21,12,False
normal/hard/adaptive/full/astra,2775637765,polish,10,False,76,12609,28,15,False
normal/hard/adaptive/full/astra,2775637766,polish,5,False,26,2712,12,6,False
normal/hard/adaptive/full/astra,2775637767,polish,8,False,53,6573,22,11,False
normal/hard/adaptive/full/astra,2775637768,polish,11,False,89,25219,21,11,False
normal/hard/adaptive/full/astra,2775637769,polish,6,False,33,3545,17,4,False
normal/hard/adaptive/full/astra,2775637770,polish,11,False,89,44684,41,18,False
normal/hard/adaptive/full/astra,2775637771,polish,7,False,43,4559,16,11,False
normal/hard/adaptive/full/astra,2775637772,polish,11,False,89,16237,34,18,False
normal/hard/adaptive/full/astra,2775637773,polish,6,False,33,5609,12,4,False
normal/hard/adaptive/full/astra,2775637774,polish,6,False,33,5310,17,2,False
normal/hard/adaptive/full/astra,2775637775,polish,12,True,122,22769,28,9,False
normal/hard/adaptive/full/astra,2775637776,polish,11,False,89,21526,25,8,False
normal/hard/adaptive/full/astra,2775637777,polish,7,False,43,4622,19,6,False
normal/hard/adaptive/full/astra,2775637778,polish,5,False,26,2966,14,6,False
normal/hard/adaptive/full/astra,2775637779,polish,10,False,76,10448,32,11,False
normal/hard/adaptive/full/astra,2775637780,polish,9,False,63,9370,21,10,False
normal/hard/adaptive/full/astra,2775637781,polish,6,False,33,3468,13,6,False
normal/hard/adaptive/full/astra,2775637782,polish,11,False,89,13959,28,15,False
normal/hard/adaptive/full/astra,2775637783,polish,8,False,53,6113,25,2,False
normal/hard/adaptive/full/astra,2775637784,polish,8,False,53,6784,24,14,False
normal/hard/adaptive/full/astra,2775637785,polish,11,False,89,19737,21,3,False
gauntlet/medium/adaptive/full/shared,2775637536,,4,False,19,1522,12,3,False
gauntlet/medium/adaptive/full/shared,2775637537,,6,False,33,3446,19,5,False
gauntlet/medium/adaptive/full/shared,2775637538,,7,False,43,5272,20,9,False
gauntlet/medium/adaptive/full/shared,2775637539,,8,True,63,5207,15,6,False
gauntlet/medium/adaptive/full/shared,2775637540,,7,False,43,4233,22,4,False
gauntlet/medium/adaptive/full/shared,2775637541,,5,False,26,2475,16,4,False
gauntlet/medium/adaptive/full/shared,2775637542,,4,False,19,1507,12,6,False
gauntlet/medium/adaptive/full/shared,2775637543,,6,False,33,3258,17,7,False
gauntlet/medium/adaptive/full/shared,2775637544,,3,False,12,1014,9,4,False
gauntlet/medium/adaptive/full/shared,2775637545,,2,False,8,677,7,0,False
gauntlet/medium/adaptive/full/shared,2775637546,,6,False,33,3757,19,6,False
gauntlet/medium/adaptive/full/shared,2775637547,,6,False,33,3219,19,4,False
gauntlet/medium/adaptive/full/shared,2775637548,,6,False,33,3208,21,5,False
gauntlet/medium/adaptive/full/shared,2775637549,,8,True,63,8143,23,5,False
gauntlet/medium/adaptive/full/shared,2775637550,,6,False,33,3095,16,5,False
gauntlet/medium/adaptive/full/shared,2775637551,,5,False,26,2497,13,3,False
gauntlet/medium/adaptive/full/shared,2775637552,,3,False,12,1035,9,5,False
gauntlet/medium/adaptive/full/shared,2775637553,,4,False,19,1480,12,11,False
gauntlet/medium/adaptive/full/shared,2775637554,,7,False,43,4038,19,5,False
gauntlet/medium/adaptive/full/shared,2775637555,,6,False,33,3303,19,7,False
gauntlet/medium/adaptive/full/shared,2775637556,,6,False,33,3157,20,7,False
gauntlet/medium/adaptive/full/shared,2775637557,,6,False,33,2884,18,9,False
gauntlet/medium/adaptive/full/shared,2775637558,,4,False,19,1470,13,6,False
gauntlet/medium/adaptive/full/shared,2775637559,,5,False,26,2204,13,5,False
gauntlet/medium/adaptive/full/shared,2775637560,,8,True,63,4318,23,4,False
gauntlet/medium/adaptive/full/shared,2775637561,,5,False,26,2505,15,8,False
gauntlet/medium/adaptive/full/shared,2775637562,,7,False,43,4049,19,10,False
gauntlet/medium/adaptive/full/shared,2775637563,,4,False,19,1511,14,3,False
gauntlet/medium/adaptive/full/shared,2775637564,,4,False,19,1706,14,5,False
gauntlet/medium/adaptive/full/shared,2775637565,,6,False,33,3285,21,6,False
gauntlet/medium/adaptive/full/shared,2775637566,,8,True,63,5475,16,5,False
gauntlet/medium/adaptive/full/shared,2775637567,,6,False,33,3199,17,5,False
gauntlet/medium/adaptive/full/shared,2775637568,,6,False,33,2989,16,8,False
gauntlet/medium/adaptive/full/shared,2775637569,,4,False,19,1698,13,5,False
gauntlet/medium/adaptive/full/shared,2775637570,,7,False,43,4514,21,16,False
gauntlet/medium/adaptive/full/shared,2775637571,,4,False,19,1611,12,2,False
gauntlet/medium/adaptive/full/shared,2775637572,,6,False,33,2935,18,8,False
gauntlet/medium/adaptive/full/shared,2775637573,,4,False,19,1421,11,4,False
gauntlet/medium/adaptive/full/shared,2775637574,,4,False,19,1399,13,9,False
gauntlet/medium/adaptive/full/shared,2775637575,,6,False,33,3179,15,9,False
gauntlet/medium/adaptive/full/shared,2775637576,,4,False,19,1730,14,3,False
gauntlet/medium/adaptive/full/shared,2775637577,,4,False,19,1414,12,2,False
gauntlet/medium/adaptive/full/shared,2775637578,,8,True,63,4551,21,14,False
gauntlet/medium/adaptive/full/shared,2775637579,,3,False,12,884,10,2,False
gauntlet/medium/adaptive/full/shared,2775637580,,4,False,19,1575,11,3,False
gauntlet/medium/adaptive/full/shared,2775637581,,5,False,26,2219,13,2,False
gauntlet/medium/adaptive/full/shared,2775637582,,5,False,26,2112,20,4,False
gauntlet/medium/adaptive/full/shared,2775637583,,4,False,19,1592,15,5,False
gauntlet/medium/adaptive/full/shared,2775637584,,5,False,26,1933,17,8,False
gauntlet/medium/adaptive/full/shared,2775637585,,7,False,43,5104,14,7,False
gauntlet/medium/adaptive/full/shared,2775637586,,3,False,12,856,10,2,False
gauntlet/medium/adaptive/full/shared,2775637587,,6,False,33,2999,20,5,False
gauntlet/medium/adaptive/full/shared,2775637588,,6,False,33,3173,20,11,False
gauntlet/medium/adaptive/full/shared,2775637589,,8,True,63,5256,22,7,False
gauntlet/medium/adaptive/full/shared,2775637590,,5,False,26,2573,15,5,False
gauntlet/medium/adaptive/full/shared,2775637591,,4,False,19,1491,11,6,False
gauntlet/medium/adaptive/full/shared,2775637592,,7,False,43,4376,23,2,False
gauntlet/medium/adaptive/full/shared,2775637593,,4,False,19,1448,13,11,False
gauntlet/medium/adaptive/full/shared,2775637594,,8,True,63,4948,19,8,False
gauntlet/medium/adaptive/full/shared,2775637595,,5,False,26,2252,16,10,False
gauntlet/medium/adaptive/full/shared,2775637596,,8,True,63,5559,19,6,False
gauntlet/medium/adaptive/full/shared,2775637597,,4,False,19,1736,11,4,False
gauntlet/medium/adaptive/full/shared,2775637598,,7,False,43,4817,21,9,False
gauntlet/medium/adaptive/full/shared,2775637599,,4,False,19,1325,11,3,False
gauntlet/medium/adaptive/full/shared,2775637600,,5,False,26,2671,15,7,False
gauntlet/medium/adaptive/full/shared,2775637601,,8,True,63,5538,19,9,False
gauntlet/medium/adaptive/full/shared,2775637602,,4,False,19,1548,12,3,False
gauntlet/medium/adaptive/full/shared,2775637603,,7,False,43,3594,20,9,False
gauntlet/medium/adaptive/full/shared,2775637604,,3,False,12,960,9,4,False
gauntlet/medium/adaptive/full/shared,2775637605,,6,False,33,3564,19,2,False
gauntlet/medium/adaptive/full/shared,2775637606,,8,True,63,5038,23,6,False
gauntlet/medium/adaptive/full/shared,2775637607,,5,False,26,2098,16,7,False
gauntlet/medium/adaptive/full/shared,2775637608,,6,False,33,3020,17,9,False
gauntlet/medium/adaptive/full/shared,2775637609,,6,False,33,2692,20,9,False
gauntlet/medium/adaptive/full/shared,2775637610,,5,False,26,2231,17,10,False
gauntlet/medium/adaptive/full/shared,2775637611,,6,False,33,2794,20,13,False
gauntlet/medium/adaptive/full/shared,2775637612,,6,False,33,3324,17,6,False
gauntlet/medium/adaptive/full/shared,2775637613,,7,False,43,4910,21,8,False
gauntlet/medium/adaptive/full/shared,2775637614,,4,False,19,1669,13,4,False
gauntlet/medium/adaptive/full/shared,2775637615,,7,False,43,4696,21,4,False
gauntlet/medium/adaptive/full/shared,2775637616,,4,False,19,1618,12,2,False
gauntlet/medium/adaptive/full/shared,2775637617,,3,False,12,910,8,2,False
gauntlet/medium/adaptive/full/shared,2775637618,,7,False,43,4140,21,9,False
gauntlet/medium/adaptive/full/shared,2775637619,,4,False,19,1703,13,4,False
gauntlet/medium/adaptive/full/shared,2775637620,,7,False,43,4816,23,9,False
gauntlet/medium/adaptive/full/shared,2775637621,,5,False,26,2040,16,8,False
gauntlet/medium/adaptive/full/shared,2775637622,,6,False,33,3297,21,2,False
gauntlet/medium/adaptive/full/shared,2775637623,,4,False,19,1326,10,8,False
gauntlet/medium/adaptive/full/shared,2775637624,,7,False,43,4559,23,12,False
gauntlet/medium/adaptive/full/shared,2775637625,,6,False,33,3246,20,8,False
gauntlet/medium/adaptive/full/shared,2775637626,,4,False,19,1409,12,9,False
gauntlet/medium/adaptive/full/shared,2775637627,,5,False,26,2394,19,6,False
gauntlet/medium/adaptive/full/shared,2775637628,,6,False,33,3313,19,3,False
gauntlet/medium/adaptive/full/shared,2775637629,,3,False,12,872,8,3,False
gauntlet/medium/adaptive/full/shared,2775637630,,2,False,8,653,7,0,False
gauntlet/medium/adaptive/full/shared,2775637631,,4,False,19,1503,12,1,False
gauntlet/medium/adaptive/full/shared,2775637632,,7,False,43,4388,21,14,False
gauntlet/medium/adaptive/full/shared,2775637633,,4,False,19,1593,13,6,False
gauntlet/medium/adaptive/full/shared,2775637634,,6,False,33,3079,19,10,False
gauntlet/medium/adaptive/full/shared,2775637635,,6,False,33,3190,18,8,False
gauntlet/medium/adaptive/full/shared,2775637636,,5,False,26,2492,15,4,False
gauntlet/medium/adaptive/full/shared,2775637637,,8,True,63,4562,19,12,False
gauntlet/medium/adaptive/full/shared,2775637638,,4,False,19,1644,14,4,False
gauntlet/medium/adaptive/full/shared,2775637639,,3,False,12,919,8,0,False
gauntlet/medium/adaptive/full/shared,2775637640,,7,False,43,4501,18,14,False
gauntlet/medium/adaptive/full/shared,2775637641,,2,False,8,685,7,1,False
gauntlet/medium/adaptive/full/shared,2775637642,,6,False,33,3217,16,5,False
gauntlet/medium/adaptive/full/shared,2775637643,,8,True,63,5615,19,11,False
gauntlet/medium/adaptive/full/shared,2775637644,,7,False,43,4601,22,1,False
gauntlet/medium/adaptive/full/shared,2775637645,,6,False,33,3427,22,7,False
gauntlet/medium/adaptive/full/shared,2775637646,,5,False,26,2104,14,6,False
gauntlet/medium/adaptive/full/shared,2775637647,,5,False,26,2534,19,4,False
gauntlet/medium/adaptive/full/shared,2775637648,,7,False,43,4497,19,10,False
gauntlet/medium/adaptive/full/shared,2775637649,,7,False,43,3559,20,10,False
gauntlet/medium/adaptive/full/shared,2775637650,,3,False,12,966,10,1,False
gauntlet/medium/adaptive/full/shared,2775637651,,6,False,33,3181,20,6,False
gauntlet/medium/adaptive/full/shared,2775637652,,6,False,33,3187,20,2,False
gauntlet/medium/adaptive/full/shared,2775637653,,6,False,33,3535,18,3,False
gauntlet/medium/adaptive/full/shared,2775637654,,7,False,43,4531,17,12,False
gauntlet/medium/adaptive/full/shared,2775637655,,4,False,19,1637,14,5,False
gauntlet/medium/adaptive/full/shared,2775637656,,4,False,19,1681,14,5,False
gauntlet/medium/adaptive/full/shared,2775637657,,5,False,26,2568,17,4,False
gauntlet/medium/adaptive/full/shared,2775637658,,5,False,26,2235,17,6,False
gauntlet/medium/adaptive/full/shared,2775637659,,3,False,12,1129,10,2,False
gauntlet/medium/adaptive/full/shared,2775637660,,5,False,26,2278,14,12,False
gauntlet/medium/adaptive/full/shared,2775637661,,3,False,12,950,11,2,False
gauntlet/medium/adaptive/full/shared,2775637662,,7,False,43,5560,16,4,False
gauntlet/medium/adaptive/full/shared,2775637663,,7,False,43,4124,23,10,False
gauntlet/medium/adaptive/full/shared,2775637664,,3,False,12,958,11,4,False
gauntlet/medium/adaptive/full/shared,2775637665,,6,False,33,3730,20,4,False
gauntlet/medium/adaptive/full/shared,2775637666,,8,True,63,5158,16,11,False
gauntlet/medium/adaptive/full/shared,2775637667,,6,False,33,3348,22,6,False
gauntlet/medium/adaptive/full/shared,2775637668,,5,False,26,2262,16,6,False
gauntlet/medium/adaptive/full/shared,2775637669,,5,False,26,2158,18,7,False
gauntlet/medium/adaptive/full/shared,2775637670,,5,False,26,2189,15,4,False
gauntlet/medium/adaptive/full/shared,2775637671,,5,False,26,2123,17,7,False
gauntlet/medium/adaptive/full/shared,2775637672,,5,False,26,2337,13,8,False
gauntlet/medium/adaptive/full/shared,2775637673,,8,True,63,6862,21,13,False
gauntlet/medium/adaptive/full/shared,2775637674,,6,False,33,4266,14,11,False
gauntlet/medium/adaptive/full/shared,2775637675,,7,False,43,3791,22,12,False
gauntlet/medium/adaptive/full/shared,2775637676,,4,False,19,1534,13,6,False
gauntlet/medium/adaptive/full/shared,2775637677,,7,False,43,4505,22,7,False
gauntlet/medium/adaptive/full/shared,2775637678,,6,False,33,3551,19,13,False
gauntlet/medium/adaptive/full/shared,2775637679,,8,True,63,4809,22,12,False
gauntlet/medium/adaptive/full/shared,2775637680,,5,False,26,2458,16,8,False
gauntlet/medium/adaptive/full/shared,2775637681,,3,False,12,1327,12,4,False
gauntlet/medium/adaptive/full/shared,2775637682,,7,False,43,4126,20,12,False
gauntlet/medium/adaptive/full/shared,2775637683,,3,False,12,1056,9,3,False
gauntlet/medium/adaptive/full/shared,2775637684,,4,False,19,2202,13,6,False
gauntlet/medium/adaptive/full/shared,2775637685,,4,False,19,1493,11,5,False
gauntlet/medium/adaptive/full/shared,2775637686,,5,False,26,2232,17,6,False
gauntlet/medium/adaptive/full/shared,2775637687,,5,False,26,2288,19,4,False
gauntlet/medium/adaptive/full/shared,2775637688,,8,True,63,5029,24,6,False
gauntlet/medium/adaptive/full/shared,2775637689,,5,False,26,2658,16,9,False
gauntlet/medium/adaptive/full/shared,2775637690,,5,False,26,2242,16,6,False
gauntlet/medium/adaptive/full/shared,2775637691,,3,False,12,1173,9,5,False
gauntlet/medium/adaptive/full/shared,2775637692,,3,False,12,1454,9,5,False
gauntlet/medium/adaptive/full/shared,2775637693,,7,False,43,4541,23,8,False
gauntlet/medium/adaptive/full/shared,2775637694,,8,True,63,4970,20,8,False
gauntlet/medium/adaptive/full/shared,2775637695,,7,False,43,5069,23,11,False
gauntlet/medium/adaptive/full/shared,2775637696,,5,False,26,2041,15,10,False
gauntlet/medium/adaptive/full/shared,2775637697,,4,False,19,1314,12,7,False
gauntlet/medium/adaptive/full/shared,2775637698,,7,False,43,4287,23,13,False
gauntlet/medium/adaptive/full/shared,2775637699,,5,False,26,2080,14,7,False
gauntlet/medium/adaptive/full/shared,2775637700,,7,False,43,4446,20,15,False
gauntlet/medium/adaptive/full/shared,2775637701,,6,False,33,3192,17,11,False
gauntlet/medium/adaptive/full/shared,2775637702,,6,False,33,3171,20,11,False
gauntlet/medium/adaptive/full/shared,2775637703,,5,False,26,2564,13,9,False
gauntlet/medium/adaptive/full/shared,2775637704,,4,False,19,1464,13,9,False
gauntlet/medium/adaptive/full/shared,2775637705,,6,False,33,3625,19,9,False
gauntlet/medium/adaptive/full/shared,2775637706,,6,False,33,3047,18,4,False
gauntlet/medium/adaptive/full/shared,2775637707,,4,False,19,1747,13,5,False
gauntlet/medium/adaptive/full/shared,2775637708,,6,False,33,3167,20,6,False
gauntlet/medium/adaptive/full/shared,2775637709,,7,False,43,3776,22,6,False
gauntlet/medium/adaptive/full/shared,2775637710,,4,False,19,1529,11,2,False
gauntlet/medium/adaptive/full/shared,2775637711,,5,False,26,2002,13,5,False
gauntlet/medium/adaptive/full/shared,2775637712,,7,False,43,4972,21,7,False
gauntlet/medium/adaptive/full/shared,2775637713,,4,False,19,1480,11,5,False
gauntlet/medium/adaptive/full/shared,2775637714,,7,False,43,4225,18,13,False
gauntlet/medium/adaptive/full/shared,2775637715,,7,False,43,4878,20,9,False
gauntlet/medium/adaptive/full/shared,2775637716,,7,False,43,4131,21,8,False
gauntlet/medium/adaptive/full/shared,2775637717,,4,False,19,1600,12,6,False
gauntlet/medium/adaptive/full/shared,2775637718,,8,True,63,4884,19,6,False
gauntlet/medium/adaptive/full/shared,2775637719,,6,False,33,3383,19,8,False
gauntlet/medium/adaptive/full/shared,2775637720,,4,False,19,1468,12,4,False
gauntlet/medium/adaptive/full/shared,2775637721,,6,False,33,3644,21,8,False
gauntlet/medium/adaptive/full/shared,2775637722,,5,False,26,2298,15,5,False
gauntlet/medium/adaptive/full/shared,2775637723,,8,True,63,6209,16,7,False
gauntlet/medium/adaptive/full/shared,2775637724,,4,False,19,1655,12,6,False
gauntlet/medium/adaptive/full/shared,2775637725,,6,False,33,3171,20,6,False
gauntlet/medium/adaptive/full/shared,2775637726,,6,False,33,3938,18,4,False
gauntlet/medium/adaptive/full/shared,2775637727,,4,False,19,1398,13,3,False
gauntlet/medium/adaptive/full/shared,2775637728,,6,False,33,3285,21,5,False
gauntlet/medium/adaptive/full/shared,2775637729,,5,False,26,2644,13,2,False
gauntlet/medium/adaptive/full/shared,2775637730,,4,False,19,1413,12,7,False
gauntlet/medium/adaptive/full/shared,2775637731,,7,False,43,4704,24,15,False
gauntlet/medium/adaptive/full/shared,2775637732,,5,False,26,1893,16,3,False
gauntlet/medium/adaptive/full/shared,2775637733,,6,False,33,3919,19,10,False
gauntlet/medium/adaptive/full/shared,2775637734,,4,False,19,1889,12,2,False
gauntlet/medium/adaptive/full/shared,2775637735,,6,False,33,3031,19,8,False
gauntlet/medium/adaptive/full/shared,2775637736,,7,False,43,4114,17,9,False
gauntlet/medium/adaptive/full/shared,2775637737,,5,False,26,2325,15,7,False
gauntlet/medium/adaptive/full/shared,2775637738,,6,False,33,3233,22,10,False
gauntlet/medium/adaptive/full/shared,2775637739,,5,False,26,2114,14,3,False
gauntlet/medium/adaptive/full/shared,2775637740,,5,False,26,2324,15,3,False
gauntlet/medium/adaptive/full/shared,2775637741,,6,False,33,2965,17,10,False
gauntlet/medium/adaptive/full/shared,2775637742,,7,False,43,4801,18,12,False
gauntlet/medium/adaptive/full/shared,2775637743,,3,False,12,1026,9,2,False
gauntlet/medium/adaptive/full/shared,2775637744,,5,False,26,2488,17,8,False
gauntlet/medium/adaptive/full/shared,2775637745,,8,True,63,4997,18,14,False
gauntlet/medium/adaptive/full/shared,2775637746,,3,False,12,1187,8,2,False
gauntlet/medium/adaptive/full/shared,2775637747,,5,False,26,2139,16,3,False
gauntlet/medium/adaptive/full/shared,2775637748,,6,False,33,2807,18,5,False
gauntlet/medium/adaptive/full/shared,2775637749,,7,False,43,4573,24,14,False
gauntlet/medium/adaptive/full/shared,2775637750,,8,True,63,5349,25,5,False
gauntlet/medium/adaptive/full/shared,2775637751,,3,False,12,1002,10,5,False
gauntlet/medium/adaptive/full/shared,2775637752,,7,False,43,4496,25,6,False
gauntlet/medium/adaptive/full/shared,2775637753,,4,False,19,1484,13,4,False
gauntlet/medium/adaptive/full/shared,2775637754,,6,False,33,3098,21,9,False
gauntlet/medium/adaptive/full/shared,2775637755,,6,False,33,3569,21,11,False
gauntlet/medium/adaptive/full/shared,2775637756,,4,False,19,1525,14,7,False
gauntlet/medium/adaptive/full/shared,2775637757,,8,True,63,4864,16,8,False
gauntlet/medium/adaptive/full/shared,2775637758,,8,True,63,5147,22,13,False
gauntlet/medium/adaptive/full/shared,2775637759,,4,False,19,1761,13,4,False
gauntlet/medium/adaptive/full/shared,2775637760,,6,False,33,3144,20,11,False
gauntlet/medium/adaptive/full/shared,2775637761,,5,False,26,1994,14,1,False
gauntlet/medium/adaptive/full/shared,2775637762,,7,False,43,4621,21,10,False
gauntlet/medium/adaptive/full/shared,2775637763,,6,False,33,3864,19,4,False
gauntlet/medium/adaptive/full/shared,2775637764,,6,False,33,3207,21,7,False
gauntlet/medium/adaptive/full/shared,2775637765,,5,False,26,2101,14,6,False
gauntlet/medium/adaptive/full/shared,2775637766,,6,False,33,2997,21,11,False
gauntlet/medium/adaptive/full/shared,2775637767,,6,False,33,2939,19,6,False
gauntlet/medium/adaptive/full/shared,2775637768,,8,True,63,4875,26,10,False
gauntlet/medium/adaptive/full/shared,2775637769,,4,False,19,1310,11,3,False
gauntlet/medium/adaptive/full/shared,2775637770,,7,False,43,4609,22,14,False
gauntlet/medium/adaptive/full/shared,2775637771,,6,False,33,3031,17,11,False
gauntlet/medium/adaptive/full/shared,2775637772,,5,False,26,2441,15,3,False
gauntlet/medium/adaptive/full/shared,2775637773,,5,False,26,2406,13,7,False
gauntlet/medium/adaptive/full/shared,2775637774,,5,False,26,2660,13,10,False
gauntlet/medium/adaptive/full/shared,2775637775,,7,False,43,4007,20,15,False
gauntlet/medium/adaptive/full/shared,2775637776,,7,False,43,4463,22,7,False
gauntlet/medium/adaptive/full/shared,2775637777,,5,False,26,2253,14,5,False
gauntlet/medium/adaptive/full/shared,2775637778,,4,False,19,1644,12,2,False
gauntlet/medium/adaptive/full/shared,2775637779,,8,True,63,4999,21,7,False
gauntlet/medium/adaptive/full/shared,2775637780,,4,False,19,1682,14,5,False
gauntlet/medium/adaptive/full/shared,2775637781,,3,False,12,1055,9,0,False
gauntlet/medium/adaptive/full/shared,2775637782,,4,False,19,1421,13,3,False
gauntlet/medium/adaptive/full/shared,2775637783,,8,True,63,5723,24,10,False
gauntlet/medium/adaptive/full/shared,2775637784,,6,False,33,3098,18,12,False
gauntlet/medium/adaptive/full/shared,2775637785,,7,False,43,4960,25,10,False
endless/medium/adaptive/full/astra,2775637536,polish,8,False,53,5403,21,9,False
endless/medium/adaptive/full/astra,2775637537,polish,11,False,89,11240,24,2,False
endless/medium/adaptive/full/astra,2775637538,polish,12,True,122,18261,23,8,False
endless/medium/adaptive/full/astra,2775637539,polish,11,False,89,11693,25,5,False
endless/medium/adaptive/full/astra,2775637540,polish,10,False,76,9220,23,8,False
endless/medium/adaptive/full/astra,2775637541,polish,18,True,200,46398,49,6,False
endless/medium/adaptive/full/astra,2775637542,polish,16,True,174,34722,39,30,False
endless/medium/adaptive/full/astra,2775637543,polish,14,True,148,25600,30,20,False
endless/medium/adaptive/full/astra,2775637544,polish,5,False,26,2912,14,4,False
endless/medium/adaptive/full/astra,2775637545,polish,11,False,89,11241,27,8,False
endless/medium/adaptive/full/astra,2775637546,polish,11,False,89,12097,25,14,False
endless/medium/adaptive/full/astra,2775637547,polish,13,True,135,20430,23,7,False
endless/medium/adaptive/full/astra,2775637548,polish,10,False,76,8210,26,10,False
endless/medium/adaptive/full/astra,2775637549,polish,11,False,89,11209,25,6,False
endless/medium/adaptive/full/astra,2775637550,polish,7,False,43,7382,15,4,False
endless/medium/adaptive/full/astra,2775637551,polish,11,False,89,12511,32,5,False
endless/medium/adaptive/full/astra,2775637552,polish,7,False,43,4117,16,7,False
endless/medium/adaptive/full/astra,2775637553,polish,18,True,200,82135,47,18,False
endless/medium/adaptive/full/astra,2775637554,polish,11,False,89,10148,26,5,False
endless/medium/adaptive/full/astra,2775637555,polish,11,False,89,11308,30,2,False
endless/medium/adaptive/full/astra,2775637556,polish,14,True,148,22722,40,9,False
endless/medium/adaptive/full/astra,2775637557,polish,11,False,89,12856,20,7,False
endless/medium/adaptive/full/astra,2775637558,polish,11,False,89,10723,27,4,False
endless/medium/adaptive/full/astra,2775637559,polish,8,False,53,6145,24,5,False
endless/medium/adaptive/full/astra,2775637560,polish,6,False,33,3218,12,5,False
endless/medium/adaptive/full/astra,2775637561,polish,10,False,76,9010,25,8,False
endless/medium/adaptive/full/astra,2775637562,polish,24,True,278,101185,62,21,True
endless/medium/adaptive/full/astra,2775637563,polish,11,False,89,15354,21,11,False
endless/medium/adaptive/full/astra,2775637564,polish,8,False,53,12454,24,2,False
endless/medium/adaptive/full/astra,2775637565,polish,11,False,89,11674,25,1,False
endless/medium/adaptive/full/astra,2775637566,polish,14,True,148,25743,34,8,False
endless/medium/adaptive/full/astra,2775637567,polish,11,False,89,14968,36,8,False
endless/medium/adaptive/full/astra,2775637568,polish,7,False,43,3964,16,6,False
endless/medium/adaptive/full/astra,2775637569,polish,8,False,53,6869,20,5,False
endless/medium/adaptive/full/astra,2775637570,polish,11,False,89,10469,30,14,False
endless/medium/adaptive/full/astra,2775637571,polish,13,True,135,17716,28,10,False
endless/medium/adaptive/full/astra,2775637572,polish,9,False,63,6848,20,4,False
endless/medium/adaptive/full/astra,2775637573,polish,11,False,89,17531,18,10,False
endless/medium/adaptive/full/astra,2775637574,polish,10,False,76,8793,25,8,False
endless/medium/adaptive/full/astra,2775637575,polish,5,False,26,2208,9,4,False
endless/medium/adaptive/full/astra,2775637576,polish,8,False,53,4830,19,4,False
endless/medium/adaptive/full/astra,2775637577,polish,11,False,89,12828,32,15,False
endless/medium/adaptive/full/astra,2775637578,polish,8,False,53,5162,18,3,False
endless/medium/adaptive/full/astra,2775637579,polish,9,False,63,8249,26,11,False
endless/medium/adaptive/full/astra,2775637580,polish,11,False,89,18295,31,10,False
endless/medium/adaptive/full/astra,2775637581,polish,11,False,89,12730,20,7,False
endless/medium/adaptive/full/astra,2775637582,polish,11,False,89,9926,25,7,False
endless/medium/adaptive/full/astra,2775637583,polish,10,False,76,12147,22,14,False
endless/medium/adaptive/full/astra,2775637584,polish,7,False,43,3995,20,6,False
endless/medium/adaptive/full/astra,2775637585,polish,17,True,187,74433,46,22,False
endless/medium/adaptive/full/astra,2775637586,polish,7,False,43,4598,17,7,False
endless/medium/adaptive/full/astra,2775637587,polish,8,False,53,5345,20,9,False
endless/medium/adaptive/full/astra,2775637588,polish,14,True,148,28694,41,25,False
endless/medium/adaptive/full/astra,2775637589,polish,20,True,226,99559,44,21,False
endless/medium/adaptive/full/astra,2775637590,polish,8,False,53,5414,21,4,False
endless/medium/adaptive/full/astra,2775637591,polish,6,False,33,3983,15,0,False
endless/medium/adaptive/full/astra,2775637592,polish,20,True,226,62392,48,17,False
endless/medium/adaptive/full/astra,2775637593,polish,11,False,89,12280,34,7,False
endless/medium/adaptive/full/astra,2775637594,polish,14,True,148,23055,29,14,False
endless/medium/adaptive/full/astra,2775637595,polish,13,True,135,28076,24,17,False
endless/medium/adaptive/full/astra,2775637596,polish,11,False,89,11520,23,16,False
endless/medium/adaptive/full/astra,2775637597,polish,8,False,53,5012,17,5,False
endless/medium/adaptive/full/astra,2775637598,polish,17,True,187,42252,29,16,False
endless/medium/adaptive/full/astra,2775637599,polish,16,True,174,61907,54,30,False
endless/medium/adaptive/full/astra,2775637600,polish,11,False,89,13419,24,10,False
endless/medium/adaptive/full/astra,2775637601,polish,7,False,43,4333,16,9,False
endless/medium/adaptive/full/astra,2775637602,polish,8,False,53,6098,18,3,False
endless/medium/adaptive/full/astra,2775637603,polish,8,False,53,7434,19,5,False
endless/medium/adaptive/full/astra,2775637604,polish,9,False,63,6877,18,12,False
endless/medium/adaptive/full/astra,2775637605,polish,8,False,53,7160,18,2,False
endless/medium/adaptive/full/astra,2775637606,polish,11,False,89,15224,29,14,False
endless/medium/adaptive/full/astra,2775637607,polish,10,False,76,8700,29,16,False
endless/medium/adaptive/full/astra,2775637608,polish,8,False,53,6414,22,3,False
endless/medium/adaptive/full/astra,2775637609,polish,17,True,187,42635,35,10,False
endless/medium/adaptive/full/astra,2775637610,polish,8,False,53,6998,16,3,False
endless/medium/adaptive/full/astra,2775637611,polish,15,True,161,29878,35,21,False
endless/medium/adaptive/full/astra,2775637612,polish,11,False,89,11891,33,1,False
endless/medium/adaptive/full/astra,2775637613,polish,16,True,174,47229,27,17,False
endless/medium/adaptive/full/astra,2775637614,polish,6,False,33,3088,15,5,False
endless/medium/adaptive/full/astra,2775637615,polish,11,False,89,13240,35,17,False
endless/medium/adaptive/full/astra,2775637616,polish,10,False,76,9314,25,10,False
endless/medium/adaptive/full/astra,2775637617,polish,14,True,148,24294,38,6,False
endless/medium/adaptive/full/astra,2775637618,polish,11,False,89,13391,23,5,False
endless/medium/adaptive/full/astra,2775637619,polish,5,False,26,3680,9,2,False
endless/medium/adaptive/full/astra,2775637620,polish,15,True,161,26918,38,15,False
endless/medium/adaptive/full/astra,2775637621,polish,8,False,53,6008,13,5,False
endless/medium/adaptive/full/astra,2775637622,polish,8,False,53,6113,18,5,False
endless/medium/adaptive/full/astra,2775637623,polish,7,False,43,4648,17,11,False
endless/medium/adaptive/full/astra,2775637624,polish,11,False,89,12569,25,18,False
endless/medium/adaptive/full/astra,2775637625,polish,5,False,26,1767,10,5,False
endless/medium/adaptive/full/astra,2775637626,polish,11,False,89,16235,25,15,False
endless/medium/adaptive/full/astra,2775637627,polish,8,False,53,7961,22,15,False
endless/medium/adaptive/full/astra,2775637628,polish,11,False,89,15286,27,2,False
endless/medium/adaptive/full/astra,2775637629,polish,10,False,76,9092,23,10,False
endless/medium/adaptive/full/astra,2775637630,polish,11,False,89,20587,27,10,False
endless/medium/adaptive/full/astra,2775637631,polish,8,False,53,7108,14,1,False
endless/medium/adaptive/full/astra,2775637632,polish,11,False,89,10194,24,16,False
endless/medium/adaptive/full/astra,2775637633,polish,7,False,43,3872,17,5,False
endless/medium/adaptive/full/astra,2775637634,polish,12,True,122,15702,34,15,False
endless/medium/adaptive/full/astra,2775637635,polish,11,False,89,12831,28,12,False
endless/medium/adaptive/full/astra,2775637636,polish,17,True,187,34473,38,20,False
endless/medium/adaptive/full/astra,2775637637,polish,10,False,76,8798,22,5,False
endless/medium/adaptive/full/astra,2775637638,polish,12,True,122,20335,29,13,False
endless/medium/adaptive/full/astra,2775637639,polish,11,False,89,11567,22,13,False
endless/medium/adaptive/full/astra,2775637640,polish,11,False,89,11727,26,8,False
endless/medium/adaptive/full/astra,2775637641,polish,10,False,76,10040,28,11,False
endless/medium/adaptive/full/astra,2775637642,polish,10,False,76,10532,22,12,False
endless/medium/adaptive/full/astra,2775637643,polish,8,False,53,10213,19,8,False
endless/medium/adaptive/full/astra,2775637644,polish,11,False,89,26568,33,6,False
endless/medium/adaptive/full/astra,2775637645,polish,8,False,53,6504,17,9,False
endless/medium/adaptive/full/astra,2775637646,polish,11,False,89,14400,25,9,False
endless/medium/adaptive/full/astra,2775637647,polish,11,False,89,10861,27,11,False
endless/medium/adaptive/full/astra,2775637648,polish,8,False,53,4793,20,6,False
endless/medium/adaptive/full/astra,2775637649,polish,13,True,135,19959,24,22,False
endless/medium/adaptive/full/astra,2775637650,polish,9,False,63,6670,20,12,False
endless/medium/adaptive/full/astra,2775637651,polish,11,False,89,11638,35,2,False
endless/medium/adaptive/full/astra,2775637652,polish,6,False,33,3107,18,4,False
endless/medium/adaptive/full/astra,2775637653,polish,8,False,53,6210,17,9,False
endless/medium/adaptive/full/astra,2775637654,polish,10,False,76,9063,28,10,False
endless/medium/adaptive/full/astra,2775637655,polish,11,False,89,15908,33,7,False
endless/medium/adaptive/full/astra,2775637656,polish,21,True,239,73129,58,32,False
endless/medium/adaptive/full/astra,2775637657,polish,11,False,89,16204,27,5,False
endless/medium/adaptive/full/astra,2775637658,polish,9,False,63,10081,17,5,False
endless/medium/adaptive/full/astra,2775637659,polish,19,True,213,56067,56,41,False
endless/medium/adaptive/full/astra,2775637660,polish,9,False,63,8598,17,8,False
endless/medium/adaptive/full/astra,2775637661,polish,14,True,148,19455,29,21,False
endless/medium/adaptive/full/astra,2775637662,polish,8,False,53,4599,18,7,False
endless/medium/adaptive/full/astra,2775637663,polish,8,False,53,5259,19,6,False
endless/medium/adaptive/full/astra,2775637664,polish,11,False,89,13475,22,11,False
endless/medium/adaptive/full/astra,2775637665,polish,8,False,53,6342,15,1,False
endless/medium/adaptive/full/astra,2775637666,polish,18,True,200,52525,43,10,False
endless/medium/adaptive/full/astra,2775637667,polish,10,False,76,7763,26,17,False
endless/medium/adaptive/full/astra,2775637668,polish,11,False,89,11770,31,17,False
endless/medium/adaptive/full/astra,2775637669,polish,11,False,89,20009,20,2,False
endless/medium/adaptive/full/astra,2775637670,polish,9,False,63,6898,24,13,False
endless/medium/adaptive/full/astra,2775637671,polish,12,True,122,13191,30,17,False
endless/medium/adaptive/full/astra,2775637672,polish,8,False,53,4983,18,9,False
endless/medium/adaptive/full/astra,2775637673,polish,6,False,33,3045,13,4,False
endless/medium/adaptive/full/astra,2775637674,polish,8,False,53,5885,21,16,False
endless/medium/adaptive/full/astra,2775637675,polish,11,False,89,12011,33,16,False
endless/medium/adaptive/full/astra,2775637676,polish,11,False,89,17306,17,9,False
endless/medium/adaptive/full/astra,2775637677,polish,23,True,265,109120,49,35,False
endless/medium/adaptive/full/astra,2775637678,polish,10,False,76,9413,29,19,False
endless/medium/adaptive/full/astra,2775637679,polish,11,False,89,13707,25,14,False
endless/medium/adaptive/full/astra,2775637680,polish,7,False,43,4526,18,9,False
endless/medium/adaptive/full/astra,2775637681,polish,11,False,89,9719,29,19,False
endless/medium/adaptive/full/astra,2775637682,polish,11,False,89,12279,21,20,False
endless/medium/adaptive/full/astra,2775637683,polish,7,False,43,4039,16,3,False
endless/medium/adaptive/full/astra,2775637684,polish,6,False,33,2844,16,6,False
endless/medium/adaptive/full/astra,2775637685,polish,11,False,89,11994,26,13,False
endless/medium/adaptive/full/astra,2775637686,polish,11,False,89,12576,23,2,False
endless/medium/adaptive/full/astra,2775637687,polish,5,False,26,2385,10,1,False
endless/medium/adaptive/full/astra,2775637688,polish,24,True,278,109310,65,43,True
endless/medium/adaptive/full/astra,2775637689,polish,18,True,200,58969,47,27,False
endless/medium/adaptive/full/astra,2775637690,polish,11,False,89,10773,31,4,False
endless/medium/adaptive/full/astra,2775637691,polish,9,False,63,9281,29,11,False
endless/medium/adaptive/full/astra,2775637692,polish,6,False,33,3049,15,6,False
endless/medium/adaptive/full/astra,2775637693,polish,5,False,26,2523,9,1,False
endless/medium/adaptive/full/astra,2775637694,polish,11,False,89,13120,24,12,False
endless/medium/adaptive/full/astra,2775637695,polish,5,False,26,2555,13,3,False
endless/medium/adaptive/full/astra,2775637696,polish,9,False,63,7625,23,4,False
endless/medium/adaptive/full/astra,2775637697,polish,10,False,76,8157,30,8,False
endless/medium/adaptive/full/astra,2775637698,polish,11,False,89,11385,24,12,False
endless/medium/adaptive/full/astra,2775637699,polish,11,False,89,13987,33,3,False
endless/medium/adaptive/full/astra,2775637700,polish,11,False,89,12944,24,21,False
endless/medium/adaptive/full/astra,2775637701,polish,9,False,63,7751,21,12,False
endless/medium/adaptive/full/astra,2775637702,polish,8,False,53,5868,12,12,False
endless/medium/adaptive/full/astra,2775637703,polish,11,False,89,14517,20,10,False
endless/medium/adaptive/full/astra,2775637704,polish,11,False,89,16343,25,10,False
endless/medium/adaptive/full/astra,2775637705,polish,6,False,33,2816,17,4,False
endless/medium/adaptive/full/astra,2775637706,polish,14,True,148,59835,42,17,False
endless/medium/adaptive/full/astra,2775637707,polish,12,True,122,13945,35,28,False
endless/medium/adaptive/full/astra,2775637708,polish,10,False,76,10299,27,1,False
endless/medium/adaptive/full/astra,2775637709,polish,11,False,89,12031,16,2,False
endless/medium/adaptive/full/astra,2775637710,polish,9,False,63,7785,18,4,False
endless/medium/adaptive/full/astra,2775637711,polish,11,False,89,11702,28,5,False
endless/medium/adaptive/full/astra,2775637712,polish,9,False,63,6716,22,21,False
endless/medium/adaptive/full/astra,2775637713,polish,11,False,89,12374,28,14,False
endless/medium/adaptive/full/astra,2775637714,polish,11,False,89,18423,20,10,False
endless/medium/adaptive/full/astra,2775637715,polish,12,True,122,14410,24,6,False
endless/medium/adaptive/full/astra,2775637716,polish,11,False,89,13311,25,12,False
endless/medium/adaptive/full/astra,2775637717,polish,11,False,89,10445,32,6,False
endless/medium/adaptive/full/astra,2775637718,polish,9,False,63,7715,18,5,False
endless/medium/adaptive/full/astra,2775637719,polish,11,False,89,10339,26,13,False
endless/medium/adaptive/full/astra,2775637720,polish,8,False,53,6381,16,8,False
endless/medium/adaptive/full/astra,2775637721,polish,17,True,187,48475,44,21,False
endless/medium/adaptive/full/astra,2775637722,polish,10,False,76,7887,24,4,False
endless/medium/adaptive/full/astra,2775637723,polish,8,False,53,6549,19,5,False
endless/medium/adaptive/full/astra,2775637724,polish,11,False,89,11508,27,15,False
endless/medium/adaptive/full/astra,2775637725,polish,9,False,63,7590,23,3,False
endless/medium/adaptive/full/astra,2775637726,polish,8,False,53,6107,12,10,False
endless/medium/adaptive/full/astra,2775637727,polish,11,False,89,13569,22,18,False
endless/medium/adaptive/full/astra,2775637728,polish,11,False,89,13380,19,1,False
endless/medium/adaptive/full/astra,2775637729,polish,5,False,26,1919,12,3,False
endless/medium/adaptive/full/astra,2775637730,polish,11,False,89,19574,16,15,False
endless/medium/adaptive/full/astra,2775637731,polish,8,False,53,5939,23,10,False
endless/medium/adaptive/full/astra,2775637732,polish,8,False,53,5582,17,9,False
endless/medium/adaptive/full/astra,2775637733,polish,8,False,53,5621,18,11,False
endless/medium/adaptive/full/astra,2775637734,polish,6,False,33,3370,15,1,False
endless/medium/adaptive/full/astra,2775637735,polish,11,False,89,10517,26,18,False
endless/medium/adaptive/full/astra,2775637736,polish,12,True,122,17161,28,6,False
endless/medium/adaptive/full/astra,2775637737,polish,5,False,26,2135,10,5,False
endless/medium/adaptive/full/astra,2775637738,polish,12,True,122,19699,24,8,False
endless/medium/adaptive/full/astra,2775637739,polish,11,False,89,13299,32,17,False
endless/medium/adaptive/full/astra,2775637740,polish,11,False,89,13297,28,20,False
endless/medium/adaptive/full/astra,2775637741,polish,11,False,89,16202,19,11,False
endless/medium/adaptive/full/astra,2775637742,polish,8,False,53,4848,23,10,False
endless/medium/adaptive/full/astra,2775637743,polish,11,False,89,12200,31,5,False
endless/medium/adaptive/full/astra,2775637744,polish,17,True,187,52840,40,30,False
endless/medium/adaptive/full/astra,2775637745,polish,12,True,122,17082,37,5,False
endless/medium/adaptive/full/astra,2775637746,polish,8,False,53,6158,19,8,False
endless/medium/adaptive/full/astra,2775637747,polish,10,False,76,9384,29,8,False
endless/medium/adaptive/full/astra,2775637748,polish,17,True,187,43069,39,14,False
endless/medium/adaptive/full/astra,2775637749,polish,11,False,89,16495,33,14,False
endless/medium/adaptive/full/astra,2775637750,polish,11,False,89,11206,25,12,False
endless/medium/adaptive/full/astra,2775637751,polish,13,True,135,20819,43,22,False
endless/medium/adaptive/full/astra,2775637752,polish,23,True,265,105541,61,36,False
endless/medium/adaptive/full/astra,2775637753,polish,14,True,148,25668,34,16,False
endless/medium/adaptive/full/astra,2775637754,polish,11,False,89,11728,23,15,False
endless/medium/adaptive/full/astra,2775637755,polish,11,False,89,10988,28,6,False
endless/medium/adaptive/full/astra,2775637756,polish,6,False,33,2812,13,3,False
endless/medium/adaptive/full/astra,2775637757,polish,10,False,76,8691,25,3,False
endless/medium/adaptive/full/astra,2775637758,polish,8,False,53,6377,19,9,False
endless/medium/adaptive/full/astra,2775637759,polish,9,False,63,7475,25,6,False
endless/medium/adaptive/full/astra,2775637760,polish,14,True,148,25983,28,5,False
endless/medium/adaptive/full/astra,2775637761,polish,11,False,89,12296,23,7,False
endless/medium/adaptive/full/astra,2775637762,polish,10,False,76,8715,31,11,False
endless/medium/adaptive/full/astra,2775637763,polish,11,False,89,14751,24,8,False
endless/medium/adaptive/full/astra,2775637764,polish,17,True,187,53936,50,29,False
endless/medium/adaptive/full/astra,2775637765,polish,11,False,89,12334,26,7,False
endless/medium/adaptive/full/astra,2775637766,polish,9,False,63,6881,25,15,False
endless/medium/adaptive/full/astra,2775637767,polish,8,False,53,5014,19,10,False
endless/medium/adaptive/full/astra,2775637768,polish,11,False,89,12280,27,8,False
endless/medium/adaptive/full/astra,2775637769,polish,6,False,33,2850,15,2,False
endless/medium/adaptive/full/astra,2775637770,polish,14,True,148,25739,45,29,False
endless/medium/adaptive/full/astra,2775637771,polish,7,False,43,3981,15,8,False
endless/medium/adaptive/full/astra,2775637772,polish,11,False,89,11311,26,13,False
endless/medium/adaptive/full/astra,2775637773,polish,6,False,33,5076,12,2,False
endless/medium/adaptive/full/astra,2775637774,polish,6,False,33,3283,14,2,False
endless/medium/adaptive/full/astra,2775637775,polish,6,False,33,3330,13,5,False
endless/medium/adaptive/full/astra,2775637776,polish,11,False,89,17395,19,7,False
endless/medium/adaptive/full/astra,2775637777,polish,7,False,43,4148,17,1,False
endless/medium/adaptive/full/astra,2775637778,polish,5,False,26,2489,12,6,False
endless/medium/adaptive/full/astra,2775637779,polish,10,False,76,9041,28,12,False
endless/medium/adaptive/full/astra,2775637780,polish,12,True,122,14941,29,13,False
endless/medium/adaptive/full/astra,2775637781,polish,9,False,63,6709,20,8,False
endless/medium/adaptive/full/astra,2775637782,polish,11,False,89,14243,25,16,False
endless/medium/adaptive/full/astra,2775637783,polish,8,False,53,4845,19,2,False
endless/medium/adaptive/full/astra,2775637784,polish,11,False,89,11408,19,5,False
endless/medium/adaptive/full/astra,2775637785,polish,11,False,89,18976,19,3,False
